,State,Place,CityFIPS,Name,Population,Median Age,Household Income,Per Capita Income,Poverty Count,Poverty Rate,Unemployment Rate
0,01,07000,0107000,"Birmingham city, Alabama",212295.0,35.9,31445.0,19650.0,62258.0,29.32617348500907,7.2526437268894695
1,01,35896,0135896,"Hoover city, Alabama",82264.0,36.7,75020.0,38457.0,5537.0,6.730769230769231,3.397597977243995
2,01,37000,0137000,"Huntsville city, Alabama",182317.0,36.7,48881.0,30916.0,29494.0,16.177317529358206,6.053193064826648
3,01,50000,0150000,"Mobile city, Alabama",195116.0,35.5,38644.0,23385.0,43928.0,22.51378667049345,6.267553660386642
4,01,51000,0151000,"Montgomery city, Alabama",204760.0,34.2,43702.0,24365.0,44774.0,21.866575503027935,4.366087126391873
5,01,77256,0177256,"Tuscaloosa city, Alabama",92461.0,27.6,38519.0,21511.0,21984.0,23.776511177685727,3.6772260736959366
6,02,03000,0203000,"Anchorage municipality, Alaska",295237.0,32.8,77454.0,36214.0,22874.0,7.747673902661252,3.991708356337451
7,04,04720,0404720,"Avondale city, Arizona",76872.0,29.7,55506.0,20635.0,13094.0,17.033510250806536,5.592413362472682
8,04,12000,0412000,"Chandler city, Arizona",241096.0,34.0,71083.0,32185.0,21914.0,9.089325413942994,4.1792481003417725
9,04,27400,0427400,"Gilbert town, Arizona",215683.0,32.4,80355.0,31673.0,14398.0,6.675537710436149,3.4360612565663495
10,04,27820,0427820,"Glendale city, Arizona",230047.0,32.8,47474.0,22071.0,46571.0,20.2441240268293,6.077888431494434
11,04,46000,0446000,"Mesa city, Arizona",447002.0,35.6,48547.0,24155.0,69449.0,15.536619522955155,4.708703764188974
12,04,54050,0454050,"Peoria city, Arizona",157152.0,38.5,62013.0,28751.0,15451.0,9.831882508654042,4.172393606190186
13,04,55000,0455000,"Phoenix city, Arizona",1473639.0,32.6,47139.0,23812.0,331487.0,22.494450811901693,5.249861058237466
14,04,65000,0465000,"Scottsdale city, Arizona",221283.0,45.4,72154.0,50531.0,19235.0,8.692488803929809,3.5113406813898944
15,04,71510,0471510,"Surprise city, Arizona",118784.0,37.0,58455.0,24612.0,10910.0,9.184738685344827,4.037580818965517
16,04,73000,0473000,"Tempe city, Arizona",164742.0,28.3,47941.0,26227.0,34433.0,20.901166672736764,5.594808852630173
17,04,77000,0477000,"Tucson city, Arizona",523278.0,33.0,37032.0,20314.0,126367.0,24.14911385535031,6.0084696853297865
18,04,85540,0485540,"Yuma city, Arizona",92492.0,30.2,44220.0,20617.0,14487.0,15.662976257406045,5.108549928642478
19,05,23290,0523290,"Fayetteville city, Arkansas",75602.0,27.6,36314.0,25503.0,17687.0,23.394883733234572,4.388772783788789
20,05,24550,0524550,"Fort Smith city, Arkansas",86924.0,35.3,36618.0,22704.0,21323.0,24.530624453545627,3.1372233215222494
21,05,35710,0535710,"Jonesboro city, Arkansas",69049.0,30.9,40046.0,24007.0,15945.0,23.09229677475416,5.015279004764732
22,05,41000,0541000,"Little Rock city, Arkansas",195092.0,35.3,44896.0,29294.0,35766.0,18.332889098476617,5.081705041723905
23,05,66080,0566080,"Springdale city, Arkansas",72070.0,29.4,41281.0,18390.0,16901.0,23.450811710836685,3.6658803940613294
24,06,00562,0600562,"Alameda city, California",74818.0,40.6,74606.0,41340.0,7592.0,10.147290758908284,4.9119195915421425
25,06,00884,0600884,"Alhambra city, California",83799.0,39.8,54148.0,25703.0,11565.0,13.800880678767049,4.071647633026647
26,06,02000,0602000,"Anaheim city, California",340081.0,32.8,59165.0,23400.0,54093.0,15.905916531649813,6.0591447331665105
27,06,02252,0602252,"Antioch city, California",104035.0,33.8,65254.0,24678.0,15335.0,14.74023165280915,6.964002499158937
28,06,02364,0602364,"Apple Valley town, California",69785.0,36.6,48432.0,22941.0,13990.0,20.04728809916171,6.297915024718779
29,06,03526,0603526,"Bakersfield city, California",352918.0,30.1,56204.0,23316.0,71445.0,20.244079361211387,5.739010195002805
30,06,03666,0603666,"Baldwin Park city, California",75933.0,31.0,51153.0,15314.0,13164.0,17.336335980403778,7.177380058735991
31,06,04982,0604982,"Bellflower city, California",76989.0,32.0,49637.0,20397.0,13075.0,16.982945615607424,5.170868565639247
32,06,06000,0606000,"Berkeley city, California",114037.0,31.8,63312.0,41308.0,19464.0,17.068144549576015,4.466971246174487
33,06,08786,0608786,"Buena Park city, California",81522.0,35.5,66371.0,23623.0,9746.0,11.955055077157086,4.017320477907804
34,06,08954,0608954,"Burbank city, California",103850.0,38.6,66240.0,33663.0,9710.0,9.350024073182475,5.3220991815117955
35,06,11194,0611194,"Carlsbad city, California",107307.0,41.1,83908.0,43441.0,11358.0,10.584584416673655,4.479670478160791
36,06,11530,0611530,"Carson city, California",91994.0,37.3,72235.0,23762.0,9142.0,9.937604626388678,7.632019479531274
37,06,13014,0613014,"Chico city, California",86833.0,29.3,43372.0,24221.0,19368.0,22.304884087846787,6.328239263874334
38,06,13210,0613210,"Chino city, California",79342.0,34.0,71466.0,23866.0,7134.0,8.99145471503113,5.374202818179526
39,06,13214,0613214,"Chino Hills city, California",75551.0,36.7,96497.0,34955.0,4603.0,6.0925732286799645,5.937710950219057
40,06,13392,0613392,"Chula Vista city, California",248048.0,33.7,64801.0,25104.0,29118.0,11.73885699542024,6.011739663290976
41,06,13588,0613588,"Citrus Heights city, California",84218.0,37.0,52183.0,25023.0,12322.0,14.631076491961338,7.702628891685863
42,06,14218,0614218,"Clovis city, California",97100.0,33.9,65260.0,27906.0,12711.0,13.090628218331616,5.543769309989702
43,06,15044,0615044,"Compton city, California",97040.0,27.6,42953.0,13548.0,25343.0,26.11603462489695,7.471145919208574
44,06,16000,0616000,"Concord city, California",123658.0,37.1,65798.0,31359.0,14827.0,11.990328163159683,6.052176163289071
45,06,16350,0616350,"Corona city, California",155227.0,32.6,77123.0,26832.0,16722.0,10.772610435040296,5.933890367010894
46,06,16532,0616532,"Costa Mesa city, California",110871.0,33.8,65830.0,34100.0,16548.0,14.92545390589063,5.723769064949356
47,06,17918,0617918,"Daly City city, California",102605.0,38.6,74436.0,28827.0,8777.0,8.554164027094195,5.664441304030018
48,06,19766,0619766,"Downey city, California",112334.0,34.0,60939.0,23055.0,13178.0,11.731087649331458,5.2370609076504
49,06,21712,0621712,"El Cajon city, California",100590.0,32.4,44112.0,19803.0,26152.0,25.998608211551844,6.641813301521026
50,06,22020,0622020,"Elk Grove city, California",155350.0,33.8,77791.0,28898.0,14711.0,9.469584808496942,5.3685226906984225
51,06,22230,0622230,"El Monte city, California",114412.0,33.5,39535.0,14735.0,27574.0,24.10061881620809,6.5517603048631265
52,06,22804,0622804,"Escondido city, California",145859.0,32.7,49362.0,21653.0,26931.0,18.463721813532246,4.762818886733077
53,06,23182,0623182,"Fairfield city, California",106533.0,33.0,64702.0,26611.0,14048.0,13.186524363342814,5.2631578947368425
54,06,24638,0624638,"Folsom city, California",72424.0,37.7,98359.0,37821.0,2973.0,4.104992820059649,4.462609079863029
55,06,24680,0624680,"Fontana city, California",198692.0,29.1,64354.0,19299.0,30547.0,15.374046262557124,7.598192176836511
56,06,26000,0626000,"Fremont city, California",218172.0,37.3,101535.0,40190.0,13088.0,5.998936618814513,4.275067378032012
57,06,27000,0627000,"Fresno city, California",500819.0,29.6,42015.0,19455.0,142471.0,28.44760282657008,7.137508760650055
58,06,28000,0628000,"Fullerton city, California",136702.0,34.4,67384.0,29913.0,21438.0,15.68228701847815,5.569779520416673
59,06,29000,0629000,"Garden Grove city, California",172785.0,35.6,59648.0,20849.0,28535.0,16.514743756691843,5.753392944989438
60,06,30000,0630000,"Glendale city, California",193381.0,40.7,53020.0,29290.0,27239.0,14.085665086021894,5.794261070115471
61,06,32548,0632548,"Hawthorne city, California",85092.0,31.1,44649.0,20162.0,16196.0,19.03351666431627,5.31424810793024
62,06,33000,0633000,"Hayward city, California",147163.0,33.8,62013.0,25208.0,20931.0,14.223004423666275,7.541297744677671
63,06,33182,0633182,"Hemet city, California",79986.0,39.6,32774.0,17917.0,18460.0,23.079038831795565,7.438801790313305
64,06,33434,0633434,"Hesperia city, California",90804.0,31.1,44158.0,16239.0,22730.0,25.031936919078454,7.757367516849478
65,06,36000,0636000,"Huntington Beach city, California",193197.0,40.6,81389.0,42196.0,17045.0,8.822600765022232,5.066331257731745
66,06,36448,0636448,"Indio city, California",80167.0,32.2,50068.0,20607.0,17333.0,21.621115920515923,7.398306036149537
67,06,36546,0636546,"Inglewood city, California",110585.0,33.0,43394.0,20150.0,24470.0,22.127775014694578,7.4657503278021435
68,06,36770,0636770,"Irvine city, California",221266.0,34.2,90585.0,43096.0,25971.0,11.737456274348522,3.7538528287219908
69,06,39496,0639496,"Lake Forest city, California",78253.0,38.4,93631.0,39860.0,4646.0,5.937152569230572,3.9180606494319705
70,06,39892,0639892,"Lakewood city, California",80511.0,37.7,77786.0,29354.0,6538.0,8.1206294792016,4.73599880761635
71,06,40130,0640130,"Lancaster city, California",157368.0,32.3,50193.0,20156.0,32236.0,20.484469523664277,5.248843475166488
72,06,41992,0641992,"Livermore city, California",82442.0,38.4,99161.0,42213.0,4694.0,5.6936998132020085,3.909415103951869
73,06,43000,0643000,"Long Beach city, California",465424.0,33.9,52711.0,27040.0,92847.0,19.948906803258964,6.537479803362095
74,06,44000,0644000,"Los Angeles city, California",3827261.0,34.3,49497.0,27829.0,825131.0,21.55930834087354,6.421014924250006
75,06,44574,0644574,"Lynwood city, California",70257.0,27.9,40740.0,12187.0,16951.0,24.127133239392517,5.852797586005665
76,06,45484,0645484,"Manteca city, California",69168.0,33.0,61458.0,23511.0,7411.0,10.714492250751793,8.182974786028222
77,06,46842,0646842,"Menifee city, California",79604.0,37.9,54903.0,23478.0,8108.0,10.18541781820009,7.726998643284257
78,06,46898,0646898,"Merced city, California",79639.0,28.4,37822.0,16876.0,23629.0,29.670136490915255,7.2703072615175985
79,06,47766,0647766,"Milpitas city, California",67695.0,36.8,95466.0,33789.0,4702.0,6.94586010783662,4.728561932195879
80,06,48256,0648256,"Mission Viejo city, California",94311.0,43.0,96210.0,40909.0,4964.0,5.26343692676358,4.719491893840591
81,06,48354,0648354,"Modesto city, California",202629.0,33.6,47060.0,22439.0,41546.0,20.50348173262465,7.767397559085817
82,06,49270,0649270,"Moreno Valley city, California",196234.0,29.2,54918.0,18186.0,38015.0,19.372280033021802,7.44162581407911
83,06,49670,0649670,"Mountain View city, California",75477.0,35.8,97338.0,54758.0,6107.0,8.09120659273686,4.54443075373955
84,06,50076,0650076,"Murrieta city, California",104584.0,33.1,74496.0,28452.0,7280.0,6.96091180295265,5.923468216935669
85,06,50258,0650258,"Napa city, California",77698.0,37.4,63274.0,30668.0,8507.0,10.948801770959355,5.126258076140956
86,06,51182,0651182,"Newport Beach city, California",86001.0,43.7,106333.0,78494.0,6799.0,7.905722026488064,4.198788386181556
87,06,52526,0652526,"Norwalk city, California",105940.0,33.6,60770.0,19449.0,13469.0,12.713800264300547,5.708891825561639
88,06,53000,0653000,"Oakland city, California",397011.0,36.2,52583.0,31971.0,80274.0,20.21959089294755,6.778653488190503
89,06,53322,0653322,"Oceanside city, California",169407.0,35.4,58153.0,26863.0,22398.0,13.221413518921887,4.994480747548803
90,06,53896,0653896,"Ontario city, California",165702.0,31.0,54249.0,18522.0,29801.0,17.984695417074025,7.359597349458666
91,06,53980,0653980,"Orange city, California",137999.0,35.4,78838.0,31535.0,15623.0,11.321096529684997,4.726121203776839
92,06,54652,0654652,"Oxnard city, California",199574.0,30.5,60784.0,20605.0,33038.0,16.554260575024802,5.19757082585908
93,06,55156,0655156,"Palmdale city, California",153885.0,29.1,53922.0,18797.0,32318.0,21.001397147220327,6.448321798745817
94,06,56000,0656000,"Pasadena city, California",138004.0,37.3,69302.0,41152.0,17904.0,12.973536998927568,5.765050288397438
95,06,56700,0656700,"Perris city, California",69743.0,27.0,48311.0,13666.0,17860.0,25.608304776106564,8.934229958562149
96,06,57792,0657792,"Pleasanton city, California",71488.0,40.1,118317.0,50540.0,3450.0,4.8259847806624885,4.167132945389436
97,06,58072,0658072,"Pomona city, California",150006.0,29.9,49474.0,17035.0,31533.0,21.021159153633853,5.827766889324427
98,06,59451,0659451,"Rancho Cucamonga city, California",167743.0,35.2,77835.0,32209.0,11296.0,6.734111110448723,5.957923728560953
99,06,59920,0659920,"Redding city, California",90370.0,38.0,44236.0,23443.0,16070.0,17.782449928073476,5.658957618678765
100,06,59962,0659962,"Redlands city, California",69277.0,36.2,66835.0,32389.0,8352.0,12.055949304964129,4.206302235951326
101,06,60018,0660018,"Redondo Beach city, California",67094.0,40.0,99496.0,53689.0,3634.0,5.416281634721436,4.304408739976749
102,06,60102,0660102,"Redwood City city, California",78241.0,36.6,79419.0,40562.0,6890.0,8.806124666095782,4.0720338441482085
103,06,60466,0660466,"Rialto city, California",100479.0,28.4,49593.0,15948.0,19048.0,18.95719503577862,7.73992575563053
104,06,60620,0660620,"Richmond city, California",105280.0,34.8,54589.0,25722.0,19266.0,18.299772036474163,6.06667933130699
105,06,62000,0662000,"Riverside city, California",309150.0,30.4,55636.0,22182.0,57144.0,18.484230955846677,6.860747210092188
106,06,62938,0662938,"Roseville city, California",122039.0,37.1,74114.0,33622.0,10018.0,8.208851268856677,4.837797753177263
107,06,64000,0664000,"Sacramento city, California",471477.0,33.7,49753.0,25508.0,101466.0,21.52088012776869,7.246164712170477
108,06,64224,0664224,"Salinas city, California",152340.0,28.8,49264.0,17396.0,31514.0,20.686622029670474,5.385978731784167
109,06,65000,0665000,"San Bernardino city, California",211528.0,29.2,38385.0,14879.0,66825.0,31.59156234635604,7.488370333951061
110,06,65042,0665042,"San Buenaventura (Ventura) city, California",107551.0,39.3,65137.0,32311.0,11290.0,10.497345445416594,5.1463956634526875
111,06,66000,0666000,"San Diego city, California",1322838.0,33.7,64058.0,33152.0,200777.0,15.177746632618657,4.985342120501528
112,06,67000,0667000,"San Francisco city, California",817501.0,38.5,75604.0,48486.0,108306.0,13.248424160949039,5.033388338362889
113,06,68000,0668000,"San Jose city, California",968903.0,35.6,81829.0,34025.0,117443.0,12.121234014137638,5.704079768563004
114,06,68084,0668084,"San Leandro city, California",86038.0,39.9,63055.0,28801.0,8555.0,9.943280875892048,6.081033961737837
115,06,68196,0668196,"San Marcos city, California",85322.0,34.5,53657.0,24484.0,12342.0,14.465202409695038,3.545392747474274
116,06,68252,0668252,"San Mateo city, California",98601.0,39.2,85669.0,45202.0,6899.0,6.996886441313983,4.505025304003002
117,06,68378,0668378,"San Ramon city, California",72707.0,37.4,127313.0,51091.0,2767.0,3.8056858349264857,3.7699258668353806
118,06,69000,0669000,"Santa Ana city, California",328719.0,29.2,53335.0,16374.0,68903.0,20.961064009077663,5.32734645700431
119,06,69070,0669070,"Santa Barbara city, California",89062.0,36.1,65034.0,37225.0,12343.0,13.858884821809525,4.314971592822977
120,06,69084,0669084,"Santa Clara city, California",117817.0,34.4,91583.0,39966.0,10319.0,8.758498349134674,4.692871147627252
121,06,69088,0669088,"Santa Clarita city, California",177366.0,36.4,82607.0,33818.0,16538.0,9.324222229739634,5.701769222962687
122,06,69196,0669196,"Santa Maria city, California",100152.0,28.9,50563.0,18560.0,20448.0,20.416966211358734,5.410775621055995
123,06,70000,0670000,"Santa Monica city, California",90752.0,40.2,73649.0,57390.0,10026.0,11.047690409026798,6.03182299012694
124,06,70098,0670098,"Santa Rosa city, California",169005.0,36.7,60354.0,29688.0,22423.0,13.267654803112334,5.9524866128221054
125,06,72016,0672016,"Simi Valley city, California",124803.0,38.1,87269.0,36516.0,8205.0,6.574361193240547,4.7082201549642235
126,06,73080,0673080,"South Gate city, California",95000.0,30.3,42776.0,14259.0,19954.0,21.004210526315788,6.996842105263158
127,06,75000,0675000,"Stockton city, California",294406.0,31.0,46831.0,19896.0,70269.0,23.868059754216965,7.833739801498611
128,06,77000,0677000,"Sunnyvale city, California",143315.0,35.2,100043.0,45977.0,11586.0,8.084289851027457,4.853644070753236
129,06,78120,0678120,"Temecula city, California",102605.0,33.3,78356.0,28018.0,8697.0,8.476195117197017,5.256079138443545
130,06,78582,0678582,"Thousand Oaks city, California",127356.0,41.7,100476.0,45522.0,8586.0,6.741731838311504,4.956971010396055
131,06,80000,0680000,"Torrance city, California",146187.0,41.8,77061.0,36234.0,10711.0,7.3269168941150715,4.306128451914329
132,06,80238,0680238,"Tracy city, California",83452.0,32.7,76098.0,26652.0,6770.0,8.112447874227101,7.00762114748598
133,06,80812,0680812,"Turlock city, California",69185.0,33.3,53270.0,23199.0,11764.0,17.003685770036856,7.390330273903302
134,06,80854,0680854,"Tustin city, California",76497.0,33.3,73194.0,31524.0,9312.0,12.17302639319189,4.828947540426422
135,06,81204,0681204,"Union City city, California",70687.0,36.5,82083.0,29685.0,5905.0,8.353728408335337,4.832571760012449
136,06,81344,0681344,"Upland city, California",74487.0,36.5,62667.0,28604.0,9962.0,13.374145824103534,5.578154577308792
137,06,81554,0681554,"Vacaville city, California",93137.0,37.5,73582.0,29681.0,8382.0,8.999645683240818,4.664096975423301
138,06,81666,0681666,"Vallejo city, California",117079.0,38.5,58371.0,25996.0,20242.0,17.28918080953886,8.254255673519589
139,06,82590,0682590,"Victorville city, California",117551.0,29.0,50034.0,16477.0,28417.0,24.174188224685455,5.936997558506521
140,06,82954,0682954,"Visalia city, California",125502.0,31.2,52899.0,23144.0,23784.0,18.951092412869915,5.594333158037322
141,06,82996,0682996,"Vista city, California",95066.0,33.9,47346.0,21114.0,14917.0,15.691204005638188,4.079271243136348
142,06,84200,0684200,"West Covina city, California",106731.0,35.7,67088.0,24859.0,10590.0,9.922140708884953,7.179732224002398
143,06,84550,0684550,"Westminster city, California",90625.0,39.0,52633.0,22950.0,15083.0,16.643310344827587,6.247724137931034
144,06,85292,0685292,"Whittier city, California",85832.0,34.9,68522.0,28149.0,10466.0,12.193587473203467,4.590362568738932
145,08,03455,0803455,"Arvada city, Colorado",108300.0,40.0,68210.0,33204.0,9167.0,8.464450600184673,4.331486611265005
146,08,04000,0804000,"Aurora city, Colorado",332820.0,33.3,50987.0,24173.0,55124.0,16.562706568114898,5.770386395048375
147,08,07850,0807850,"Boulder city, Colorado",100363.0,28.1,56312.0,37286.0,20908.0,20.83237846616781,4.59930452457579
148,08,12815,0812815,"Centennial city, Colorado",102625.0,41.1,89214.0,41323.0,5287.0,5.151766138855055,3.6989037758830694
149,08,16000,0816000,"Colorado Springs city, Colorado",425805.0,34.6,53962.0,29062.0,57453.0,13.492795998168175,4.98819882340508
150,08,20000,0820000,"Denver city, Colorado",619297.0,33.8,50313.0,33251.0,116284.0,18.77677431022595,4.978871203961912
151,08,27425,0827425,"Fort Collins city, Colorado",146822.0,29.5,53780.0,28729.0,25921.0,17.654711146830856,4.700930378281184
152,08,32155,0832155,"Greeley city, Colorado",94194.0,30.5,46272.0,21845.0,20314.0,21.56612947746141,5.173365607151198
153,08,43000,0843000,"Lakewood city, Colorado",144530.0,38.8,56492.0,31094.0,17969.0,12.4327129315713,5.074379021656403
154,08,45970,0845970,"Longmont city, Colorado",87607.0,36.0,58698.0,29209.0,12811.0,14.623260698346023,4.587532959695001
155,08,46465,0846465,"Loveland city, Colorado",68712.0,37.7,54977.0,27878.0,7135.0,10.38392129467924,4.648387472348353
156,08,62000,0862000,"Pueblo city, Colorado",107429.0,37.7,34663.0,20042.0,24612.0,22.91001498664234,5.894125422371985
157,08,77290,0877290,"Thornton city, Colorado",121814.0,32.0,64525.0,26228.0,11369.0,9.33308158339764,4.245817393731427
158,08,83835,0883835,"Westminster city, Colorado",108042.0,35.3,64884.0,31145.0,11360.0,10.514429573684309,4.997130745450844
159,09,08000,0908000,"Bridgeport city, Connecticut",145587.0,32.3,41050.0,20132.0,33015.0,22.67716210925426,8.252110421947014
160,09,18430,0918430,"Danbury city, Connecticut",81967.0,36.3,64969.0,30770.0,8293.0,10.117486305464395,5.357033928288214
161,09,37000,0937000,"Hartford city, Connecticut",125130.0,30.1,29430.0,16619.0,39452.0,31.528810037560937,9.653959881723008
162,09,50370,0950370,"New Britain city, Connecticut",73112.0,33.8,40294.0,20655.0,15658.0,21.416456942772733,7.693675456833351
163,09,52000,0952000,"New Haven city, Connecticut",130338.0,30.4,37428.0,23339.0,32135.0,24.65512743789225,7.412266568460464
164,09,55990,0955990,"Norwalk city, Connecticut",86499.0,41.3,74728.0,43767.0,8343.0,9.645198210383935,5.827813038301021
165,09,73000,0973000,"Stamford city, Connecticut",123995.0,36.3,76779.0,43647.0,13695.0,11.044800193556192,6.54703818702367
166,09,80000,0980000,"Waterbury city, Connecticut",110052.0,35.1,40639.0,21120.0,25247.0,22.94097335804892,6.7695271326282125
167,10,77580,1077580,"Wilmington city, Delaware",71143.0,34.4,38727.0,25191.0,16381.0,23.025455772177164,6.783520515019046
168,11,50000,1150000,"Washington city, District of Columbia",619371.0,33.8,65830.0,45290.0,109200.0,17.630789946574833,6.295741970482958
169,12,07300,1207300,"Boca Raton city, Florida",86671.0,45.8,70699.0,47521.0,9304.0,10.734847872990965,5.099745012749363
170,12,07875,1207875,"Boynton Beach city, Florida",69257.0,43.3,44390.0,26145.0,12176.0,17.5808943500296,7.711855841286801
171,12,10275,1210275,"Cape Coral city, Florida",158415.0,42.6,49170.0,23270.0,22129.0,13.969005460341508,7.142631695230881
172,12,12875,1212875,"Clearwater city, Florida",108551.0,44.5,42158.0,28180.0,17507.0,16.12790301333014,4.790375031091377
173,12,14400,1214400,"Coral Springs city, Florida",123476.0,36.5,64753.0,29743.0,11984.0,9.705529819560077,6.845054909456088
174,12,16475,1216475,"Davie town, Florida",93842.0,37.9,59345.0,30790.0,11341.0,12.08520705014812,5.349417105347285
175,12,16725,1216725,"Deerfield Beach city, Florida",76330.0,43.6,38353.0,23510.0,14381.0,18.840560723175685,5.637364077033932
176,12,17200,1217200,"Deltona city, Florida",85415.0,38.0,47049.0,19893.0,12159.0,14.23520458935784,5.597377509805069
177,12,24000,1224000,"Fort Lauderdale city, Florida",168603.0,42.3,49119.0,35605.0,34269.0,20.325261116350244,6.839735947758936
178,12,25175,1225175,"Gainesville city, Florida",125845.0,25.0,32492.0,19616.0,38991.0,30.983352536850887,4.840875680400493
179,12,30000,1230000,"Hialeah city, Florida",228943.0,42.6,29961.0,14321.0,55681.0,24.320900835579163,6.6536212070253296
180,12,32000,1232000,"Hollywood city, Florida",143273.0,41.7,45585.0,26069.0,21942.0,15.314818563162634,7.18558276856072
181,12,35000,1235000,"Jacksonville city, Florida",829721.0,35.5,47557.0,25374.0,140150.0,16.891220060719206,6.1636381386032175
182,12,38250,1238250,"Lakeland city, Florida",98970.0,40.3,39513.0,22921.0,18223.0,18.412650298070123,6.15641103364656
183,12,39425,1239425,"Largo city, Florida",77898.0,47.7,39735.0,26364.0,11516.0,14.783434748003799,6.3326401191301445
184,12,39550,1239550,"Lauderhill city, Florida",68216.0,35.3,37074.0,18557.0,15552.0,22.79817051718072,8.74428286618975
185,12,43975,1243975,"Melbourne city, Florida",76768.0,44.8,40662.0,24502.0,11548.0,15.042726135889954,6.6681429762401
186,12,45000,1245000,"Miami city, Florida",407526.0,39.0,30375.0,21120.0,119610.0,29.35027458370754,6.755397201650938
187,12,45025,1245025,"Miami Beach city, Florida",89412.0,39.3,43316.0,42085.0,14944.0,16.71364022726256,3.4178857424059412
188,12,45060,1245060,"Miami Gardens city, Florida",109150.0,33.6,42040.0,16627.0,22878.0,20.960146587265232,8.091617040769583
189,12,45975,1245975,"Miramar city, Florida",124900.0,33.9,62649.0,24901.0,11903.0,9.530024019215372,6.495596477181746
190,12,53000,1253000,"Orlando city, Florida",244931.0,32.8,42147.0,25805.0,46177.0,18.85306474068207,6.76721199031564
191,12,54000,1254000,"Palm Bay city, Florida",103602.0,40.2,43076.0,20467.0,18989.0,18.328796741375648,6.345437346769367
192,12,54200,1254200,"Palm Coast city, Florida",76455.0,46.1,47099.0,22651.0,13363.0,17.47825518278726,4.910077823556341
193,12,55775,1255775,"Pembroke Pines city, Florida",157324.0,39.9,62116.0,28539.0,12884.0,8.189468866797183,5.519183341384658
194,12,57425,1257425,"Plantation city, Florida",86999.0,40.8,65567.0,35163.0,7866.0,9.041483235439488,4.7230427935953285
195,12,58050,1258050,"Pompano Beach city, Florida",101749.0,42.4,40221.0,25559.0,22105.0,21.725029238616596,7.048717923517676
196,12,58715,1258715,"Port St. Lucie city, Florida",166641.0,39.7,48962.0,22810.0,26759.0,16.057872912428515,7.565365066220198
197,12,63000,1263000,"St. Petersburg city, Florida",246642.0,41.8,45044.0,27972.0,40714.0,16.50732640831651,6.108448682706109
198,12,69700,1269700,"Sunrise city, Florida",86834.0,38.7,48642.0,23524.0,10937.0,12.595296773153374,5.710896653384619
199,12,70600,1270600,"Tallahassee city, Florida",183638.0,26.1,39524.0,23778.0,51478.0,28.032324464435465,7.238153323386228
200,12,71000,1271000,"Tampa city, Florida",343768.0,34.8,43242.0,29009.0,71191.0,20.709024691070724,6.519804053896814
201,12,76600,1276600,"West Palm Beach city, Florida",100778.0,39.9,44897.0,29955.0,19025.0,18.878128162892693,5.93581932564647
202,13,01052,1301052,"Albany city, Georgia",77196.0,31.6,28717.0,16731.0,25305.0,32.78019586507073,7.979688066739209
203,13,03440,1303440,"Athens-Clarke County unified government (balance), Georgia",117749.0,26.1,32853.0,19199.0,39552.0,33.59009418339009,4.410228536972713
204,13,04000,1304000,"Atlanta city, Georgia",432589.0,33.2,46631.0,35890.0,101369.0,23.433097004315876,7.178638384240006
205,13,04204,1304204,"Augusta-Richmond County consolidated government (balance), Georgia",196395.0,33.1,37560.0,20555.0,47815.0,24.34634282950177,5.82601390055755
206,13,19000,1319000,"Columbus city, Georgia",194949.0,33.3,41339.0,22856.0,35819.0,18.373523331743172,5.155194435467738
207,13,42425,1342425,"Johns Creek city, Georgia",79352.0,37.9,109224.0,43790.0,3925.0,4.946315152737171,3.8070874080048394
208,13,49000,1349000,"Macon city, Georgia",91316.0,33.2,25773.0,16051.0,30230.0,33.10482281308862,6.757851855096588
209,13,67284,1367284,"Roswell city, Georgia",90959.0,38.9,79579.0,41875.0,8170.0,8.982068844204532,4.244769621477809
210,13,68516,1368516,"Sandy Springs city, Georgia",96584.0,35.2,63134.0,49964.0,11935.0,12.357119191584527,4.401350120102708
211,13,69000,1369000,"Savannah city, Georgia",139620.0,31.6,35838.0,19900.0,34417.0,24.65047987394356,5.757771092966624
212,13,80508,1380508,"Warner Robins city, Georgia",69695.0,31.1,44964.0,21194.0,14112.0,20.24822440634192,5.779467680608365
213,13,80508,1380508,"Warner Robins city, Georgia",69695.0,31.1,44964.0,21194.0,14112.0,20.24822440634192,5.779467680608365
214,16,08830,1608830,"Boise City city, Idaho",209726.0,35.8,48524.0,27978.0,32129.0,15.319512125344497,4.832018919924091
215,16,52120,1652120,"Meridian city, Idaho",78061.0,33.4,63571.0,26377.0,6492.0,8.31657293654962,4.413215305978658
216,16,56260,1656260,"Nampa city, Idaho",83140.0,30.3,40244.0,16813.0,19398.0,23.331729612701466,5.580947798893432
217,17,02154,1702154,"Arlington Heights village, Illinois",75492.0,41.9,77195.0,40189.0,3143.0,4.163355057489535,3.8083505537010542
218,17,03012,1703012,"Aurora city, Illinois",198726.0,31.5,62493.0,26221.0,27731.0,13.954389460865714,5.6177852923120275
219,17,06613,1706613,"Bloomington city, Illinois",77293.0,33.8,61664.0,33267.0,8923.0,11.544383061855537,3.832171089231884
220,17,07133,1707133,"Bolingbrook village, Illinois",73799.0,33.5,80421.0,27746.0,6192.0,8.390357592921314,4.977032209108525
221,17,12385,1712385,"Champaign city, Illinois",81925.0,26.7,40884.0,24733.0,19555.0,23.869392737259687,4.172108635947513
222,17,14000,1714000,"Chicago city, Illinois",2706101.0,33.3,47270.0,28436.0,601378.0,22.223043411905174,7.18720402527474
223,17,14351,1714351,"Cicero town, Illinois",83930.0,28.1,44177.0,14745.0,16422.0,19.566305254378648,6.604313118074586
224,17,18823,1718823,"Decatur city, Illinois",75982.0,38.9,39514.0,23130.0,16737.0,22.027585480771762,6.5397067726566815
225,17,23074,1723074,"Elgin city, Illinois",109825.0,32.7,58675.0,23453.0,14833.0,13.50603232415206,5.587980878670613
226,17,24582,1724582,"Evanston city, Illinois",74937.0,34.6,67038.0,41284.0,8829.0,11.781896793306377,4.519796629168502
227,17,38570,1738570,"Joliet city, Illinois",147459.0,32.4,61744.0,24118.0,17490.0,11.860924053465709,6.205792796641778
228,17,51622,1751622,"Naperville city, Illinois",143223.0,38.2,108302.0,46064.0,5790.0,4.042646781592342,3.852733150401821
229,17,57225,1757225,"Palatine village, Illinois",68738.0,36.5,72818.0,35407.0,6568.0,9.555122348628124,4.354214553813029
230,17,59000,1759000,"Peoria city, Illinois",115466.0,33.3,45270.0,27781.0,24975.0,21.629743820691804,5.002338350683318
231,17,65000,1765000,"Rockford city, Illinois",152138.0,35.8,38067.0,21570.0,37857.0,24.883329608644782,7.398546056869421
232,17,68003,1768003,"Schaumburg village, Illinois",74292.0,37.3,70798.0,35433.0,4492.0,6.046411457492058,4.408280837775266
233,17,72000,1772000,"Springfield city, Illinois",116495.0,38.4,49317.0,29016.0,19972.0,17.144083437057386,4.934117344092021
234,17,79293,1779293,"Waukegan city, Illinois",88560.0,30.8,46469.0,20226.0,16637.0,18.78613369467028,6.170957542908763
235,18,05860,1805860,"Bloomington city, Indiana",81115.0,23.3,27395.0,18987.0,26237.0,32.34543549281884,3.996794674227948
236,18,10342,1810342,"Carmel city, Indiana",81756.0,38.7,106121.0,51767.0,2904.0,3.552032878320857,2.8438279759283724
237,18,22000,1822000,"Evansville city, Indiana",119677.0,36.3,35839.0,20984.0,23230.0,19.410580144889995,4.216349006074684
238,18,23278,1823278,"Fishers town, Indiana",78927.0,33.8,90437.0,38577.0,2617.0,3.3157221229743943,2.720235154003066
239,18,25000,1825000,"Fort Wayne city, Indiana",254435.0,34.7,43969.0,23400.0,46591.0,18.311553048912295,5.54051132902313
240,18,27000,1827000,"Gary city, Indiana",79922.0,37.9,26885.0,15931.0,30163.0,37.74054703335752,7.956507594905032
241,18,31000,1831000,"Hammond city, Indiana",80122.0,33.2,38365.0,17920.0,18143.0,22.644217568208482,6.411472504430743
242,18,36003,1836003,"Indianapolis city (balance), Indiana",828841.0,33.8,41962.0,24012.0,169696.0,20.47389064971448,6.281421889119867
243,18,40788,1840788,"Lafayette city, Indiana",69181.0,31.3,39345.0,21646.0,13341.0,19.284196527948424,5.481273760136454
244,18,51876,1851876,"Muncie city, Indiana",69989.0,27.7,29287.0,17066.0,20847.0,29.786109245738615,7.391161468230722
245,18,71000,1871000,"South Bend city, Indiana",100863.0,33.9,34502.0,19181.0,27504.0,27.268671366110468,7.546870507520102
246,19,12000,1912000,"Cedar Rapids city, Iowa",127420.0,35.6,52216.0,28458.0,14688.0,11.527232773504945,3.490032961858421
247,19,19000,1919000,"Davenport city, Iowa",100564.0,34.9,44817.0,24499.0,17629.0,17.53013006642536,3.501252933455312
248,19,21000,1921000,"Des Moines city, Iowa",205415.0,33.5,45836.0,23928.0,36942.0,17.98408100674245,4.6909914076381956
249,19,38595,1938595,"Iowa City city, Iowa",69314.0,25.6,41410.0,25671.0,17618.0,25.417664541073954,3.1869463600427044
250,19,73335,1973335,"Sioux City city, Iowa",82602.0,34.4,43449.0,22143.0,13512.0,16.357957434444685,3.210576015108593
251,19,82425,1982425,"Waterloo city, Iowa",68327.0,35.5,40498.0,22010.0,13155.0,19.253003936950254,5.104863377581337
252,20,36000,2036000,"Kansas City city, Kansas",146581.0,33.0,38293.0,18574.0,36466.0,24.87771266398783,6.700049801816061
253,20,38900,2038900,"Lawrence city, Kansas",88921.0,26.2,45574.0,25322.0,17947.0,20.18308386095523,4.246465964170444
254,20,52575,2052575,"Olathe city, Kansas",128050.0,33.6,76379.0,31557.0,9146.0,7.142522452167122,3.296368606013276
255,20,53775,2053775,"Overland Park city, Kansas",176520.0,37.8,71094.0,39701.0,10184.0,5.769317924314525,2.918082936777702
256,20,71000,2071000,"Topeka city, Kansas",127625.0,35.9,40826.0,23641.0,26217.0,20.542213516160626,4.673065621939275
257,20,79000,2079000,"Wichita city, Kansas",383703.0,34.0,46011.0,24766.0,66412.0,17.308178460945054,4.90535648665765
258,21,46027,2146027,"Lexington-Fayette urban county, Kentucky",300843.0,33.9,48398.0,29251.0,54459.0,18.10213300625243,4.541239118078201
259,21,48006,2148006,"Louisville/Jefferson County metro government (balance), Kentucky",601611.0,37.4,44159.0,26098.0,108300.0,18.001665528057167,5.748398882334266
260,22,05000,2205000,"Baton Rouge city, Louisiana",229400.0,30.6,38593.0,23949.0,55941.0,24.385789014821274,5.219703574542284
261,22,39475,2239475,"Kenner city, Louisiana",66820.0,38.6,48750.0,26074.0,9809.0,14.679736605806644,4.781502544148458
262,22,40735,2240735,"Lafayette city, Louisiana",122009.0,34.2,46288.0,28451.0,23045.0,18.887950888868854,3.4636789089329474
263,22,41155,2241155,"Lake Charles city, Louisiana",72826.0,35.1,35981.0,23447.0,15073.0,20.697278444511575,5.543349902507346
264,22,55000,2255000,"New Orleans city, Louisiana",357013.0,35.0,37146.0,26500.0,94602.0,26.498194743608778,6.07008708366362
265,22,70000,2270000,"Shreveport city, Louisiana",200715.0,34.6,38633.0,23995.0,42203.0,21.026330867149937,4.22140846473856
266,23,60545,2360545,"Portland city, Maine",66227.0,37.0,44458.0,28913.0,13350.0,20.15794162501699,4.523834689779093
267,24,04000,2404000,"Baltimore city, Maryland",621445.0,34.5,41385.0,24750.0,142162.0,22.87603890931619,6.9951484041226495
268,25,07000,2507000,"Boston city, Massachusetts",629182.0,31.1,53601.0,33964.0,126226.0,20.061921669723546,6.221093419710036
269,25,09000,2509000,"Brockton city, Massachusetts",93911.0,35.6,49025.0,21942.0,16559.0,17.63265219196899,7.972441992950772
270,25,11000,2511000,"Cambridge city, Massachusetts",105737.0,30.8,72529.0,47448.0,13430.0,12.701324985577424,3.6638073711189083
271,25,23000,2523000,"Fall River city, Massachusetts",88811.0,38.7,33211.0,21257.0,20397.0,22.966749614349574,8.096969969936156
272,25,34550,2534550,"Lawrence city, Massachusetts",76820.0,30.9,32851.0,16987.0,22150.0,28.83363707367873,5.994532673782869
273,25,37000,2537000,"Lowell city, Massachusetts",107466.0,32.9,49452.0,23136.0,19670.0,18.303463420988965,6.176837325293581
274,25,37490,2537490,"Lynn city, Massachusetts",90788.0,34.2,44849.0,22982.0,18914.0,20.83314975547429,5.594351676433009
275,25,45000,2545000,"New Bedford city, Massachusetts",94927.0,36.9,35999.0,21056.0,21828.0,22.9945115720501,6.602968596921845
276,25,45560,2545560,"Newton city, Massachusetts",86241.0,40.1,119148.0,63872.0,4504.0,5.222573949745481,3.1678667918971253
277,25,55745,2555745,"Quincy city, Massachusetts",92595.0,38.4,61328.0,33131.0,9626.0,10.395809708947567,6.100761380204115
278,25,62535,2562535,"Somerville city, Massachusetts",76945.0,31.3,67118.0,34781.0,10989.0,14.281629735525375,4.647475469491195
279,25,67000,2567000,"Springfield city, Massachusetts",153428.0,32.2,34311.0,18133.0,43397.0,28.284928435487654,6.571160414005266
280,25,82000,2582000,"Worcester city, Massachusetts",181901.0,33.6,45932.0,24330.0,36635.0,20.140076195293044,5.650326276381109
281,26,03000,2603000,"Ann Arbor city, Michigan",115331.0,27.5,55003.0,34247.0,22914.0,19.86803201220834,4.090834207628478
282,26,21000,2621000,"Dearborn city, Michigan",97140.0,33.2,46739.0,21262.0,26611.0,27.394482190652667,4.943380687667284
283,26,22000,2622000,"Detroit city, Michigan",706663.0,34.9,26325.0,14870.0,273850.0,38.75255956516755,11.749730776904974
284,26,27440,2627440,"Farmington Hills city, Michigan",80376.0,42.7,69700.0,40604.0,5927.0,7.37409176868717,3.5881357619189806
285,26,29000,2629000,"Flint city, Michigan",101649.0,34.3,24834.0,14360.0,41286.0,40.61623823156155,10.307036960521009
286,26,80700,2680700,"Troy city, Michigan",81700.0,41.1,85685.0,40022.0,5841.0,7.149326805385557,4.381884944920441
287,26,34000,2634000,"Grand Rapids city, Michigan",189735.0,31.0,39227.0,20214.0,49016.0,25.833926265580942,6.8094974569794715
288,26,42160,2642160,"Kalamazoo city, Michigan",74812.0,25.9,31893.0,18468.0,23205.0,31.01775116291504,7.522857295621024
289,26,46000,2646000,"Lansing city, Michigan",114274.0,32.0,36054.0,19440.0,32642.0,28.564677879482648,7.820676619353484
290,26,49000,2649000,"Livonia city, Michigan",96233.0,44.2,68973.0,32249.0,5780.0,6.006255650348633,4.530670352166097
291,26,69035,2669035,"Rochester Hills city, Michigan",71737.0,41.3,78160.0,38892.0,4715.0,6.572619429304265,4.527649608988388
292,26,74900,2674900,"Southfield city, Michigan",72331.0,42.3,49841.0,28635.0,11379.0,15.731843884364933,7.038475895535801
293,26,76460,2676460,"Sterling Heights city, Michigan",130209.0,40.8,57075.0,26691.0,16784.0,12.890046002964464,6.157024476034683
294,26,84000,2684000,"Warren city, Michigan",134376.0,39.4,43962.0,21744.0,24228.0,18.03000535809966,7.247573971542537
295,26,86000,2686000,"Westland city, Michigan",83476.0,38.4,43993.0,23993.0,12822.0,15.3601035028032,6.921749964061527
296,26,88940,2688940,"Wyoming city, Michigan",72864.0,32.8,45477.0,21246.0,12106.0,16.6145147123408,6.243137900746596
297,27,06616,2706616,"Bloomington city, Minnesota",84451.0,42.3,61820.0,35874.0,8529.0,10.099347550650673,4.430971806136102
298,27,07966,2707966,"Brooklyn Park city, Minnesota",76781.0,32.7,64113.0,26917.0,9427.0,12.277777054219143,5.067659967960823
299,27,17000,2717000,"Duluth city, Minnesota",86234.0,32.8,43064.0,24926.0,17773.0,20.610200153071876,4.570123153280608
300,27,43000,2743000,"Minneapolis city, Minnesota",389112.0,31.6,49885.0,31281.0,84076.0,21.607146528505933,5.7417915664384545
301,27,51730,2751730,"Plymouth city, Minnesota",71852.0,40.0,84392.0,46948.0,3855.0,5.365195123309024,3.1049935979513443
302,27,54880,2754880,"Rochester city, Minnesota",108179.0,35.2,62575.0,32887.0,9796.0,9.055361946403647,2.445021677035284
303,27,58000,2758000,"St. Paul city, Minnesota",288802.0,31.0,47010.0,25695.0,64676.0,22.394581754973995,5.436942957458744
304,28,29700,2829700,"Gulfport city, Mississippi",69004.0,34.3,37610.0,20863.0,16480.0,23.882673468204743,5.533012578980928
305,28,36000,2836000,"Jackson city, Mississippi",173997.0,31.6,32708.0,18623.0,50577.0,29.0677425472853,6.0615987631970665
306,29,15670,2915670,"Columbia city, Missouri",111145.0,26.6,43262.0,26110.0,24946.0,22.444554410904676,3.2821989293265554
307,29,35000,2935000,"Independence city, Missouri",116881.0,39.4,44261.0,23408.0,20022.0,17.13024358107819,5.065836192366595
308,29,38000,2938000,"Kansas City city, Missouri",462378.0,35.0,45275.0,26889.0,86683.0,18.747215481705446,5.176716885318938
309,29,41348,2941348,"Lee's Summit city, Missouri",91758.0,36.9,77285.0,34353.0,6113.0,6.662089409097844,3.0275289348067744
310,29,54074,2954074,"O'Fallon city, Missouri",80617.0,34.3,76763.0,30650.0,3390.0,4.205068409888733,3.151940657677661
311,29,64550,2964550,"St. Joseph city, Missouri",76984.0,35.7,41969.0,21127.0,13800.0,17.925802764210744,4.420399043957186
312,29,65000,2965000,"St. Louis city, Missouri",318955.0,34.2,34582.0,23048.0,84785.0,26.582119734758823,7.639635685284758
313,29,70000,2970000,"Springfield city, Missouri",161189.0,32.9,32333.0,20634.0,38395.0,23.819863638337605,5.366371154359168
314,30,06550,3006550,"Billings city, Montana",105864.0,37.4,48908.0,27544.0,14441.0,13.641086677246278,2.854605909468752
315,30,50200,3050200,"Missoula city, Montana",67710.0,31.5,40682.0,24884.0,13428.0,19.831634913602127,5.619553980209718
316,31,28000,3128000,"Lincoln city, Nebraska",262365.0,31.9,49113.0,26188.0,40973.0,15.61679339850971,3.8766603777180646
317,31,37000,3137000,"Omaha city, Nebraska",422499.0,33.9,48052.0,27165.0,68464.0,16.20453539535005,4.159773159226412
318,32,31900,3231900,"Henderson city, Nevada",261953.0,40.9,64489.0,33448.0,25532.0,9.74678663729753,5.639943043217676
319,32,40000,3240000,"Las Vegas city, Nevada",591496.0,36.3,51143.0,25607.0,100024.0,16.910342588960873,7.020334879694875
320,32,51800,3251800,"North Las Vegas city, Nevada",219725.0,30.5,53751.0,20895.0,34586.0,15.740584821936512,6.214131300489248
321,32,60600,3260600,"Reno city, Nevada",228442.0,34.4,46770.0,26472.0,41572.0,18.198054648444682,6.0334789574596615
322,32,68400,3268400,"Sparks city, Nevada",91168.0,37.1,52581.0,25540.0,11837.0,12.983722358722359,6.110696735696735
323,33,45140,3345140,"Manchester city, New Hampshire",109942.0,36.1,54496.0,28055.0,15281.0,13.899146822870241,4.77160684724673
324,33,50260,3350260,"Nashua city, New Hampshire",86766.0,38.2,64661.0,32874.0,9165.0,10.562893299218588,5.0157895950026505
325,34,10000,3410000,"Camden city, New Jersey",77356.0,29.1,26202.0,13385.0,29728.0,38.430115311029525,10.034127928021098
326,34,13690,3413690,"Clifton city, New Jersey",84591.0,37.5,66382.0,30803.0,7479.0,8.841366102776892,4.519393316073814
327,34,21000,3421000,"Elizabeth city, New Jersey",125888.0,32.3,44110.0,19061.0,22680.0,18.016014234875446,6.555033045246568
328,34,36000,3436000,"Jersey City city, New Jersey",251717.0,33.3,58206.0,32751.0,45824.0,18.204571006328536,6.1215571455245374
329,34,51000,3451000,"Newark city, New Jersey",277357.0,32.3,33960.0,16972.0,77198.0,27.833442098090188,9.409894107594184
330,34,56550,3456550,"Passaic city, New Jersey",70172.0,28.8,32159.0,14881.0,21078.0,30.03762184347033,4.595850196659637
331,34,57000,3457000,"Paterson city, New Jersey",145920.0,32.3,32707.0,15876.0,41975.0,28.76576206140351,5.278234649122807
332,34,74000,3474000,"Trenton city, New Jersey",84609.0,33.2,36662.0,17532.0,21288.0,25.160443924405204,8.858395678946684
333,34,74630,3474630,"Union City city, New Jersey",67233.0,34.0,40763.0,19475.0,16307.0,24.254458376095073,7.521603974238841
334,35,02000,3502000,"Albuquerque city, New Mexico",549812.0,35.4,47989.0,26769.0,97304.0,17.697685754403324,4.320931518409929
335,35,63460,3563460,"Rio Rancho city, New Mexico",89098.0,36.4,59883.0,27311.0,10082.0,11.315629980470941,3.8003097712631035
336,35,39380,3539380,"Las Cruces city, New Mexico",99186.0,31.7,40040.0,21460.0,22265.0,22.447724477244773,5.418103361361482
337,35,70500,3570500,"Santa Fe city, New Mexico",68800.0,44.2,50283.0,33887.0,12090.0,17.572674418604652,5.3648255813953485
338,36,01000,3601000,"Albany city, New York",98142.0,30.7,40287.0,23860.0,22337.0,22.759878543335166,5.189419412687738
339,36,11000,3611000,"Buffalo city, New York",260568.0,33.5,30942.0,20392.0,77299.0,29.665576740044827,6.562586349820393
340,36,49121,3649121,"Mount Vernon city, New York",67653.0,37.7,49328.0,27454.0,10672.0,15.774614577328427,7.837050832926847
341,36,50617,3650617,"New Rochelle city, New York",77820.0,38.4,67094.0,40705.0,9299.0,11.949370341814443,4.442302749935749
342,36,51000,3651000,"New York city, New York",8268999.0,35.6,52259.0,32010.0,1653857.0,20.000691740318267,5.453973328573386
343,36,63000,3663000,"Rochester city, New York",210624.0,31.1,30875.0,18847.0,66312.0,31.48359161349134,6.557657247037374
344,36,65508,3665508,"Schenectady city, New York",65990.0,34.6,38381.0,20467.0,14994.0,22.721624488558874,5.750871344143052
345,36,73000,3673000,"Syracuse city, New York",144742.0,29.4,31365.0,19121.0,45605.0,31.50778626798027,5.62725401058435
346,36,84000,3684000,"Yonkers city, New York",197493.0,37.6,59195.0,29679.0,30362.0,15.3737094479298,4.6507977497936634
347,37,02140,3702140,"Asheville city, North Carolina",84883.0,38.0,42016.0,26912.0,16398.0,19.318355854529177,4.755958201288833
348,37,10740,3710740,"Cary town, North Carolina",141292.0,36.4,90250.0,41554.0,8663.0,6.131274240579792,2.9286866913908787
349,37,12000,3712000,"Charlotte city, North Carolina",757278.0,33.5,52375.0,31556.0,127166.0,16.792512128967168,6.2953103087637565
350,37,14100,3714100,"Concord city, North Carolina",80715.0,35.5,53337.0,25897.0,10045.0,12.445022610419377,6.4634826240475745
351,37,19000,3719000,"Durham city, North Carolina",234922.0,32.4,49160.0,28565.0,45149.0,19.218719404738593,4.754343995028137
352,37,22920,3722920,"Fayetteville city, North Carolina",201755.0,30.0,44900.0,23409.0,33559.0,16.633540680528363,5.864538673143168
353,37,25580,3725580,"Gastonia city, North Carolina",72300.0,36.6,40053.0,21531.0,15807.0,21.863070539419088,6.7704011065006915
354,37,28000,3728000,"Greensboro city, North Carolina",273228.0,34.2,41120.0,25861.0,53329.0,19.518131377457653,5.615090693486758
355,37,28080,3728080,"Greenville city, North Carolina",86249.0,26.1,35137.0,22836.0,24229.0,28.091919906317756,6.8766014678431056
356,37,31400,3731400,"High Point city, North Carolina",105723.0,35.7,43083.0,22940.0,22048.0,20.854497129290692,6.552973335981764
357,37,34200,3734200,"Jacksonville city, North Carolina",69415.0,23.3,42459.0,21210.0,8242.0,11.87351437009292,3.323489159403587
358,37,55000,3755000,"Raleigh city, North Carolina",414530.0,32.2,54448.0,30470.0,64072.0,15.456541142981207,4.918582491013919
359,37,74440,3774440,"Wilmington city, North Carolina",108530.0,34.6,41573.0,29017.0,24291.0,22.381829908780983,6.436008476918825
360,37,75000,3775000,"Winston-Salem city, North Carolina",232219.0,34.6,40148.0,24858.0,51700.0,22.263466813654354,5.804434606987369
361,38,25700,3825700,"Fargo city, North Dakota",108371.0,30.2,45458.0,29261.0,16977.0,15.66563010399461,2.989729724741859
362,39,01000,3901000,"Akron city, Ohio",199038.0,36.0,33909.0,19968.0,53304.0,26.780815723630663,7.795998754006773
363,39,12000,3912000,"Canton city, Ohio",73027.0,35.0,30209.0,16669.0,22340.0,30.591425089350516,7.320580059430074
364,39,15000,3915000,"Cincinnati city, Ohio",297150.0,32.3,34116.0,24779.0,86686.0,29.172471815581357,6.660272589601211
365,39,16000,3916000,"Cleveland city, Ohio",394335.0,36.0,26217.0,16992.0,135926.0,34.46967679764667,9.23580204648332
366,39,18000,3918000,"Columbus city, Ohio",800594.0,31.8,44072.0,24351.0,174607.0,21.809681311626118,5.3023130325733145
367,39,21000,3921000,"Dayton city, Ohio",143446.0,33.2,28456.0,16494.0,44929.0,31.321194038174646,8.34530067063564
368,39,61000,3961000,"Parma city, Ohio",81055.0,42.0,49654.0,24713.0,8667.0,10.692739497871816,4.970698908148788
369,39,77000,3977000,"Toledo city, Ohio",285459.0,34.8,33317.0,18760.0,75657.0,26.503630994293403,8.439040282492407
370,39,88000,3988000,"Youngstown city, Ohio",66511.0,38.9,24454.0,14876.0,22271.0,33.48468674354618,8.00920148546857
371,40,09050,4009050,"Broken Arrow city, Oklahoma",100464.0,36.0,65484.0,29103.0,7685.0,7.649506290810638,3.1404284121675428
372,40,23200,4023200,"Edmond city, Oklahoma",83390.0,35.7,71215.0,38011.0,7974.0,9.562297637606427,2.5758484230723107
373,40,41850,4041850,"Lawton city, Oklahoma",97147.0,30.1,43269.0,21146.0,16381.0,16.862074999742656,4.126735771562683
374,40,52500,4052500,"Norman city, Oklahoma",113743.0,30.2,49038.0,27749.0,18879.0,16.597944488891624,3.207230335053586
375,40,55000,4055000,"Oklahoma City city, Oklahoma",590995.0,33.6,45824.0,25640.0,105777.0,17.898120965490403,3.4792172522610176
376,40,75000,4075000,"Tulsa city, Oklahoma",393709.0,34.9,41241.0,27089.0,77516.0,19.688653294692273,4.064169221430041
377,41,05350,4105350,"Beaverton city, Oregon",91383.0,35.2,56107.0,30250.0,12499.0,13.677598678091112,5.7450510488821775
378,41,05800,4105800,"Bend city, Oregon",78128.0,37.8,53027.0,29650.0,9953.0,12.739350808928938,5.1146835961499075
379,41,23850,4123850,"Eugene city, Oregon",157318.0,34.2,42167.0,26017.0,36511.0,23.208405903965218,5.828322251744874
380,41,31250,4131250,"Gresham city, Oregon",107196.0,34.2,47417.0,21553.0,20835.0,19.436359565655437,6.318332773610956
381,41,34100,4134100,"Hillsboro city, Oregon",93880.0,32.2,65158.0,27502.0,12600.0,13.42138900724329,5.414358755858543
382,41,47000,4147000,"Medford city, Oregon",75902.0,37.8,41513.0,22963.0,15432.0,20.33148006640141,5.935284972727992
383,41,59000,4159000,"Portland city, Oregon",594687.0,36.3,52657.0,31839.0,103514.0,17.406467603966455,5.939763270426291
384,41,64900,4164900,"Salem city, Oregon",156937.0,35.0,45971.0,23316.0,27772.0,17.69627302675596,6.3261053798658065
385,42,02000,4202000,"Allentown city, Pennsylvania",118285.0,32.4,35560.0,17235.0,31479.0,26.612841864987107,7.301010271801158
386,42,06088,4206088,"Bethlehem city, Pennsylvania",75030.0,35.3,46292.0,23827.0,13604.0,18.131414101026255,4.8327335732373715
387,42,24000,4224000,"Erie city, Pennsylvania",101324.0,33.7,33049.0,18907.0,26827.0,26.476451778453278,5.626505072835656
388,42,60000,4260000,"Philadelphia city, Pennsylvania",1536704.0,33.6,37192.0,22279.0,395789.0,25.755708321186123,7.159413914455874
389,42,61000,4261000,"Pittsburgh city, Pennsylvania",306062.0,33.4,39195.0,26892.0,63807.0,20.847736733080225,5.075768961844332
390,42,63624,4263624,"Reading city, Pennsylvania",87978.0,29.4,26777.0,13306.0,33151.0,37.68101116188138,9.056809656959695
391,42,69000,4269000,"Scranton city, Pennsylvania",75982.0,37.8,38463.0,20244.0,14492.0,19.07293832749862,4.46158300650154
392,44,19180,4419180,"Cranston city, Rhode Island",80470.0,41.1,60283.0,29267.0,7740.0,9.61849136324096,5.508885298869144
393,44,54640,4454640,"Pawtucket city, Rhode Island",71163.0,37.3,40379.0,21637.0,13599.0,19.109649677500947,7.297331478436828
394,44,59000,4459000,"Providence city, Rhode Island",178056.0,28.8,37632.0,21676.0,47500.0,26.677000494226537,7.586938940558027
395,44,74300,4474300,"Warwick city, Rhode Island",82378.0,44.2,62295.0,33474.0,5899.0,7.160892471290879,5.261113404064192
396,45,13330,4513330,"Charleston city, South Carolina",123267.0,32.8,51737.0,32131.0,22919.0,18.59297297735809,4.5259477394598715
397,45,16000,4516000,"Columbia city, South Carolina",131004.0,28.5,41344.0,24779.0,24612.0,18.787212604195293,5.786082867698696
398,45,48535,4548535,"Mount Pleasant town, South Carolina",70131.0,38.1,76085.0,40870.0,5628.0,8.024981819737349,3.5747387032838547
399,45,50875,4550875,"North Charleston city, South Carolina",100018.0,30.8,39322.0,19717.0,22201.0,22.19700453918295,6.407846587614229
400,45,61405,4561405,"Rock Hill city, South Carolina",67390.0,31.9,42550.0,22416.0,12010.0,17.821635257456595,6.6033536132957416
401,46,52980,4652980,"Rapid City city, South Dakota",69000.0,36.2,46370.0,26412.0,10652.0,15.43768115942029,3.471014492753623
402,46,59020,4659020,"Sioux Falls city, South Dakota",157675.0,33.7,51672.0,27559.0,17088.0,10.837482162676391,2.645948945615982
403,47,14000,4714000,"Chattanooga city, Tennessee",170246.0,37.3,38064.0,23847.0,39146.0,22.993785463388274,5.954912303372766
404,47,15160,4715160,"Clarksville city, Tennessee",137145.0,28.5,47092.0,21079.0,24168.0,17.6222246527398,4.9874220715301325
405,47,40000,4740000,"Knoxville city, Tennessee",180830.0,34.1,33595.0,23336.0,39583.0,21.88962008516286,4.2393408173422555
406,47,48000,4748000,"Memphis city, Tennessee",650932.0,33.2,36912.0,21454.0,170736.0,26.229467901409055,7.092599534206338
407,47,51560,4751560,"Murfreesboro city, Tennessee",111814.0,29.9,49358.0,25443.0,18766.0,16.783229291501957,5.126370579712737
408,47,52006,4752006,"Nashville-Davidson metropolitan government (balance), Tennessee",614908.0,33.8,46686.0,27356.0,111947.0,18.20548765018507,4.9456178810488725
409,48,01000,4801000,"Abilene city, Texas",119721.0,31.2,42559.0,20762.0,20778.0,17.355351191520285,3.175716875067866
410,48,01924,4801924,"Allen city, Texas",87213.0,35.1,101636.0,39077.0,4622.0,5.299668627383532,3.1337071308176534
411,48,03000,4803000,"Amarillo city, Texas",193153.0,33.5,45984.0,24156.0,33304.0,17.242289790994704,2.807618830667916
412,48,04000,4804000,"Arlington city, Texas",371267.0,32.0,52933.0,25456.0,61097.0,16.45635082029914,5.034112916041555
413,48,05000,4805000,"Austin city, Texas",836800.0,31.5,53946.0,31990.0,155996.0,18.641969407265773,4.356716061185469
414,48,06128,4806128,"Baytown city, Texas",73043.0,31.8,46939.0,21262.0,14707.0,20.134715167777884,5.421464069109977
415,48,07000,4807000,"Beaumont city, Texas",117478.0,34.3,39526.0,23579.0,25884.0,22.033061509388993,5.141388174807198
416,48,10768,4810768,"Brownsville city, Texas",177795.0,29.2,32105.0,13947.0,62048.0,34.898619196265365,4.602491633622993
417,48,10912,4810912,"Bryan city, Texas",77139.0,28.7,38356.0,19816.0,20948.0,27.156172623445986,4.931357678995061
418,48,13024,4813024,"Carrollton city, Texas",122613.0,36.2,68811.0,31709.0,11645.0,9.497361617446764,3.9710308042377234
419,48,15976,4815976,"College Station city, Texas",96000.0,22.6,31596.0,20799.0,30481.0,31.751041666666666,3.9947916666666665
420,48,17000,4817000,"Corpus Christi city, Texas",308993.0,34.4,47481.0,24002.0,55002.0,17.800403245380963,3.9502513001912667
421,48,19000,4819000,"Dallas city, Texas",1222167.0,32.0,42846.0,27426.0,286669.0,23.45579613915283,4.8499918587230715
422,48,19972,4819972,"Denton city, Texas",117895.0,27.5,48182.0,24089.0,22089.0,18.736163535349252,5.593960727766233
423,48,22660,4822660,"Edinburg city, Texas",77415.0,27.9,41891.0,17103.0,19727.0,25.48214170380417,4.904734224633469
424,48,24000,4824000,"El Paso city, Texas",660795.0,32.3,41406.0,19669.0,140275.0,21.228217525859,3.7746956317768747
425,48,27000,4827000,"Fort Worth city, Texas",761092.0,31.5,51315.0,24489.0,144181.0,18.94396472436972,4.578421531168374
426,48,27684,4827684,"Frisco city, Texas",123663.0,34.5,108284.0,42307.0,5409.0,4.3739841343004775,2.725148184986617
427,48,29000,4829000,"Garland city, Texas",230177.0,33.5,51842.0,21633.0,37085.0,16.11151418256385,5.3867241296914985
428,48,30464,4830464,"Grand Prairie city, Texas",178195.0,31.5,53927.0,22452.0,27655.0,15.519515137910716,4.920452313476809
429,48,35000,4835000,"Houston city, Texas",2134707.0,32.4,45010.0,27305.0,480971.0,22.531007768279206,4.896222291864879
430,48,37000,4837000,"Irving city, Texas",220856.0,31.6,50778.0,27040.0,35421.0,16.038051943347703,4.750153946462854
431,48,39148,4839148,"Killeen city, Texas",131237.0,27.7,45895.0,19986.0,21624.0,16.477060585048424,5.276713122061614
432,48,41464,4841464,"Laredo city, Texas",240524.0,28.2,40041.0,14797.0,73013.0,30.35580648916532,2.783506011874075
433,48,41980,4841980,"League City city, Texas",86136.0,35.1,89339.0,38460.0,4298.0,4.98978359803102,3.0428624500789447
434,48,42508,4842508,"Lewisville city, Texas",97462.0,31.6,58580.0,28524.0,9495.0,9.742258521269829,3.523424514169625
435,48,43888,4843888,"Longview city, Texas",81435.0,34.3,43466.0,23375.0,13485.0,16.559219009025604,3.563578313992755
436,48,45000,4845000,"Lubbock city, Texas",233162.0,29.3,42986.0,23521.0,48318.0,20.722930837786603,3.711153618514166
437,48,45384,4845384,"McAllen city, Texas",132796.0,32.6,41163.0,20926.0,35049.0,26.393114250429228,3.356275791439501
438,48,45744,4845744,"McKinney city, Texas",137643.0,33.0,81118.0,32849.0,12080.0,8.776327165202735,2.1308747992996375
439,48,47892,4847892,"Mesquite city, Texas",141201.0,32.3,50525.0,21774.0,20386.0,14.437574804711014,4.075041961459196
440,48,48072,4848072,"Midland city, Texas",115903.0,32.4,62665.0,34301.0,12937.0,11.161919881280037,2.368359749100541
441,48,48768,4848768,"Mission city, Texas",78707.0,30.2,41895.0,17485.0,20558.0,26.119658988400015,3.041660843381148
442,48,48804,4848804,"Missouri City city, Texas",68244.0,37.2,83524.0,33070.0,4721.0,6.917824277592169,3.8420960084403024
443,48,53388,4853388,"Odessa city, Texas",104223.0,30.9,52158.0,25567.0,15364.0,14.741467814206077,2.758508198766107
444,48,56000,4856000,"Pasadena city, Texas",150785.0,30.6,46058.0,20146.0,32598.0,21.61886129256889,5.025698842723083
445,48,56348,4856348,"Pearland city, Texas",94098.0,34.3,92346.0,36808.0,4247.0,4.513379668005697,2.653616442432358
446,48,57200,4857200,"Pharr city, Texas",71634.0,28.7,32087.0,12964.0,25599.0,35.735823770835076,4.908283775860625
447,48,58016,4858016,"Plano city, Texas",266740.0,37.5,82484.0,40938.0,20494.0,7.683137137287246,3.3512034190597584
448,48,61796,4861796,"Richardson city, Texas",101528.0,36.5,69323.0,34637.0,11845.0,11.666732329997636,4.382042392246474
449,48,63500,4863500,"Round Rock city, Texas",104070.0,31.6,69533.0,29704.0,8918.0,8.569232247525704,4.383587969635822
450,48,64472,4864472,"San Angelo city, Texas",94812.0,32.5,42385.0,23157.0,15625.0,16.479981436948908,3.6261232755347423
451,48,65000,4865000,"San Antonio city, Texas",1359033.0,32.7,45722.0,22619.0,265645.0,19.546618809109123,4.223664914685663
452,48,70808,4870808,"Sugar Land city, Texas",80755.0,41.4,104702.0,45093.0,3340.0,4.135966813200421,2.9682372608507213
453,48,74144,4874144,"Tyler city, Texas",98335.0,33.5,43289.0,27361.0,18922.0,19.242385722275895,3.6731580820664056
454,48,76000,4876000,"Waco city, Texas",126406.0,28.5,32650.0,18361.0,36314.0,28.72806670569435,4.1635681850545065
455,48,79000,4879000,"Wichita Falls city, Texas",104402.0,32.7,44028.0,22635.0,16395.0,15.703722150916649,3.3323116415394343
456,49,43660,4943660,"Layton city, Utah",68386.0,29.6,65439.0,25424.0,6388.0,9.341093206211799,2.5823999064135936
457,49,55980,4955980,"Ogden city, Utah",83363.0,30.2,41031.0,19349.0,18917.0,22.692321533534063,5.154564974868947
458,49,57300,4957300,"Orem city, Utah",89724.0,26.4,52960.0,20471.0,14660.0,16.33899514065356,3.8618429851544738
459,49,62470,4962470,"Provo city, Utah",114179.0,23.5,39688.0,16977.0,33808.0,29.609648008828245,4.365951707406791
460,49,65330,4965330,"St. George city, Utah",74301.0,33.9,47986.0,22167.0,11350.0,15.27570288421421,4.679614002503331
461,49,67000,4967000,"Salt Lake City city, Utah",188141.0,31.4,45862.0,28137.0,36752.0,19.534285456120674,4.761854141308912
462,49,67440,4967440,"Sandy city, Utah",88672.0,34.0,76904.0,30952.0,6899.0,7.780359076145796,3.320101046553591
463,49,82950,4982950,"West Jordan city, Utah",106118.0,28.7,67308.0,22303.0,9421.0,8.877852956143162,4.149154714563034
464,49,83470,4983470,"West Valley City city, Utah",130843.0,29.7,52389.0,17934.0,24819.0,18.9685348088931,5.03045634844814
465,50,10675,5010675,"Burlington city, Vermont",42331.0,27.5,42677.0,25441.0,9036.0,21.346058444166214,5.263282228154308
466,51,01000,5101000,"Alexandria city, Virginia",143684.0,35.7,85706.0,54608.0,11980.0,8.337741154199493,3.230700704323376
467,51,16000,5116000,"Chesapeake city, Virginia",225597.0,36.6,69743.0,29905.0,18714.0,8.295323076104735,3.7722132829780537
468,51,35000,5135000,"Hampton city, Virginia",136957.0,35.5,50705.0,25247.0,19618.0,14.324203947224312,5.254203874208693
469,51,47672,5147672,"Lynchburg city, Virginia",76467.0,29.5,38138.0,21440.0,16550.0,21.643323263630062,5.648188107288111
470,51,56000,5156000,"Newport News city, Virginia",181025.0,32.5,51027.0,25310.0,26163.0,14.45269990332827,4.92915343184643
471,51,57000,5157000,"Norfolk city, Virginia",244090.0,29.8,44747.0,24659.0,42580.0,17.444385267729118,5.688475562292597
472,51,64000,5164000,"Portsmouth city, Virginia",95901.0,35.2,46166.0,23138.0,16988.0,17.714100999989572,5.056255930595093
473,51,67000,5167000,"Richmond city, Virginia",207878.0,32.6,40496.0,27184.0,50681.0,24.380165289256198,6.017471786336216
474,51,68000,5168000,"Roanoke city, Virginia",97355.0,38.2,38145.0,23295.0,21360.0,21.940321503774843,4.283293102562785
475,51,76432,5176432,"Suffolk city, Virginia",84842.0,38.1,66085.0,29135.0,9528.0,11.230286886212017,4.257325381296999
476,51,82000,5182000,"Virginia Beach city, Virginia",442151.0,34.9,65219.0,31934.0,33928.0,7.673396645037555,3.312669201245728
477,53,03180,5303180,"Auburn city, Washington",71846.0,35.9,55483.0,26807.0,11397.0,15.863096066586866,5.715001531052529
478,53,05210,5305210,"Bellevue city, Washington",129209.0,37.8,90333.0,48620.0,9826.0,7.604733416402882,4.033000797158093
479,53,05280,5305280,"Bellingham city, Washington",81576.0,30.9,40648.0,24266.0,18574.0,22.7689516524468,5.733303912915563
480,53,22640,5322640,"Everett city, Washington",103918.0,34.6,47482.0,25478.0,17073.0,16.429300025019728,6.060547739563887
481,53,23515,5323515,"Federal Way city, Washington",90720.0,35.1,55872.0,26508.0,14523.0,16.008597883597883,5.263447971781305
482,53,35275,5335275,"Kennewick city, Washington",74969.0,32.6,51510.0,24669.0,12644.0,16.865637796956076,3.533460497005429
483,53,35415,5335415,"Kent city, Washington",115703.0,33.2,57553.0,25137.0,19660.0,16.991780679844084,4.920356429824637
484,53,57745,5357745,"Renton city, Washington",93601.0,35.5,64141.0,31124.0,11601.0,12.394098353650067,4.932639608551191
485,53,63000,5363000,"Seattle city, Washington",624681.0,36.1,65277.0,43237.0,82513.0,13.208821782637859,4.325247606378295
486,53,67000,5367000,"Spokane city, Washington",209478.0,35.2,42092.0,23965.0,39067.0,18.649691137016774,5.410114665979243
487,53,67167,5367167,"Spokane Valley city, Washington",90385.0,38.3,47897.0,23886.0,13032.0,14.418321624163301,5.265254190407701
488,53,70000,5370000,"Tacoma city, Washington",200890.0,35.3,50503.0,26147.0,35120.0,17.4822041913485,5.995818607197969
489,53,74060,5374060,"Vancouver city, Washington",164111.0,36.6,48979.0,25871.0,26758.0,16.304818080445553,6.285380017183492
490,53,80010,5380010,"Yakima city, Washington",92082.0,33.0,39462.0,19908.0,21835.0,23.712560543863077,5.415825025520731
491,54,14600,5414600,"Charleston city, West Virginia",51135.0,41.5,48527.0,36334.0,9154.0,17.901632932433753,3.8799256869072063
492,55,02375,5502375,"Appleton city, Wisconsin",72923.0,35.8,53183.0,27246.0,7996.0,10.964990469399229,2.9085473718854136
493,55,31000,5531000,"Green Bay city, Wisconsin",104393.0,34.0,42427.0,23897.0,17922.0,17.167817765558993,4.845152452750663
494,55,39225,5539225,"Kenosha city, Wisconsin",99535.0,34.1,48643.0,23179.0,17804.0,17.88717536544934,6.477118601496961
495,55,48000,5548000,"Madison city, Wisconsin",237395.0,30.8,53464.0,31322.0,43981.0,18.526506455485585,3.8989869205332885
496,55,53000,5553000,"Milwaukee city, Wisconsin",596459.0,30.6,35467.0,19229.0,168664.0,28.277551348877292,6.881445329855028
497,55,66000,5566000,"Racine city, Wisconsin",78548.0,33.6,38072.0,20000.0,17621.0,22.43341650965015,6.842949534042878
498,55,84250,5584250,"Waukesha city, Wisconsin",70775.0,34.0,57802.0,28920.0,7912.0,11.179088661250441,3.8290356764394207
499,56,13900,5613900,"Cheyenne city, Wyoming",60528.0,35.0,52848.0,27717.0,7255.0,11.986188210415014,3.125826063970394
