,StateDesc,CityName,PopulationCount,GeoLocation,CityFIPS
56,Alabama,Birmingham,212237,"(33.5275663773, -86.7988174678)",107000.0
2851,Alabama,Hoover,81619,"(33.3767602729, -86.8051937568)",135896.0
3713,Alabama,Huntsville,180105,"(34.6989692671, -86.6387042882)",137000.0
5549,Alabama,Mobile,195111,"(30.6776248648, -88.1184482714)",150000.0
7779,Alabama,Montgomery,205764,"(32.3472645333, -86.2677059552)",151000.0
9542,Alabama,Tuscaloosa,90468,"(33.2336083951, -87.5268004073)",177256.0
10650,Alaska,Anchorage,291826,"(61.149868731, -149.111113424)",203000.0
12246,Arizona,Avondale,76238,"(33.3858367405, -112.323626619)",404720.0
12945,Arizona,Chandler,236123,"(33.28318981, -111.852210033)",412000.0
14753,Arizona,Gilbert,208453,"(33.310149392, -111.746237467)",427400.0
16092,Arizona,Glendale,226721,"(33.5796123089, -112.225306421)",427820.0
17898,Arizona,Mesa,439041,"(33.4022837359, -111.718721181)",446000.0
21426,Arizona,Peoria,154065,"(33.7847206422, -112.298680584)",454050.0
22839,Arizona,Phoenix,1445632,"(33.5724138695, -112.088995222)",455000.0
32936,Arizona,Scottsdale,217385,"(33.6872493651, -111.865085877)",465000.0
34780,Arizona,Surprise,117517,"(33.6803835177, -112.452218439)",471510.0
35697,Arizona,Tempe,161719,"(33.3882640307, -111.931802302)",473000.0
36844,Arizona,Tucson,520116,"(32.1567244483, -110.877085494)",477000.0
40980,Arizona,Yuma,93064,"(32.5986027117, -114.54836837)",485540.0
41923,Arkansas,Fayetteville,73580,"(36.0712117312, -94.1659600436)",523290.0
42450,Arkansas,Fort Smith,86209,"(35.3491692636, -94.3696317306)",524550.0
43094,Arkansas,Jonesboro,67263,"(35.8208121538, -90.6794991686)",535710.0
43588,Arkansas,Little Rock,193524,"(34.7253957894, -92.3583751863)",541000.0
45098,Arkansas,Springdale,69797,"(36.1869932598, -94.1536274531)",566080.0
45602,California,Alameda,73812,"(37.7650849031, -122.266489842)",600562.0
46106,California,Alhambra,83089,"(34.0839734383, -118.135514119)",600884.0
46722,California,Anaheim,336265,"(33.8389076996, -117.857613481)",602000.0
48955,California,Antioch,102372,"(37.9777042922, -121.796606971)",602252.0
49571,California,Apple Valley,69135,"(34.5315984948, -117.211012664)",602364.0
49991,California,Bakersfield,347483,"(35.3513302855, -119.029786003)",603526.0
52315,California,Baldwin Park,75390,"(34.082871519, -117.972100918)",603666.0
52873,California,Bellflower,76616,"(33.8880417923, -118.127100236)",604982.0
53433,California,Berkeley,112580,"(37.8725678765, -122.274907975)",606000.0
54413,California,Buena Park,80530,"(33.8572126844, -118.004517591)",608786.0
54973,California,Burbank,103340,"(34.1879799605, -118.323429032)",608954.0
55673,California,Carlsbad,105328,"(33.1248051026, -117.282903303)",611194.0
56311,California,Carson,91714,"(33.8374083001, -118.255936422)",611530.0
56926,California,Chico,86187,"(39.7568503668, -121.815983972)",613014.0
57649,California,Chino,77983,"(33.983588126, -117.665296584)",613210.0
58209,California,Chino Hills,74799,"(33.950774546, -117.725326968)",613214.0
58601,California,Chula Vista,243916,"(32.6282964262, -117.010042407)",613392.0
59974,California,Citrus Heights,83301,"(38.6947788342, -121.287991502)",613588.0
60673,California,Clovis,95631,"(36.8289400179, -119.68665285)",614218.0
61399,California,Compton,96455,"(33.892965693, -118.227506568)",615044.0
62265,California,Concord,122067,"(37.9721810307, -122.001588036)",616000.0
63159,California,Corona,152374,"(33.8623571787, -117.564224471)",616350.0
64195,California,Costa Mesa,109960,"(33.6667651353, -117.91350475)",616532.0
64973,California,Daly City,101123,"(37.6861552276, -122.468298024)",617918.0
65589,California,Downey,111772,"(33.937867256, -118.131150116)",619766.0
66259,California,El Cajon,99478,"(32.8016581921, -116.960483614)",621712.0
67098,California,Elk Grove,153015,"(38.4159992006, -121.384137762)",622020.0
67938,California,El Monte,113475,"(34.073919653, -118.029071951)",622230.0
68862,California,Escondido,143911,"(33.1346952955, -117.072122618)",622804.0
69894,California,Fairfield,105321,"(38.2558446343, -122.039303253)",623182.0
70702,California,Folsom,72203,"(38.6750494328, -121.147605753)",624638.0
71234,California,Fontana,196069,"(34.0974227833, -117.459241285)",624680.0
72269,California,Fremont,214089,"(37.5278685405, -121.984121512)",626000.0
73529,California,Fresno,494665,"(36.7826786711, -119.794126569)",627000.0
77107,California,Fullerton,135161,"(33.8840378013, -117.927850895)",628000.0
78086,California,Garden Grove,170883,"(33.7786940635, -117.960111162)",629000.0
79372,California,Glendale,191719,"(34.181889373, -118.24676666)",630000.0
80601,California,Hawthorne,84293,"(33.914667701, -118.347667728)",632548.0
81323,California,Hayward,144186,"(37.6329591551, -122.077051051)",633000.0
82442,California,Hemet,78657,"(33.7352277311, -116.994605005)",633182.0
83167,California,Hesperia,90173,"(34.3973476773, -117.314392219)",633434.0
83697,California,Huntington Beach,189992,"(33.6952749077, -118.001810806)",636000.0
84569,California,Indio,76036,"(33.7298067837, -116.237258141)",636448.0
85710,California,Inglewood,109673,"(33.9565748018, -118.344444926)",636546.0
86657,California,Irvine,212375,"(33.6780108904, -117.773633283)",636770.0
87742,California,Lake Forest,77264,"(33.6634128948, -117.670683341)",639496.0
88246,California,Lakewood,80048,"(33.8470531941, -118.122204765)",639892.0
88834,California,Lancaster,156633,"(34.6934347017, -118.175306356)",640130.0
89841,California,Livermore,80968,"(37.6865101361, -121.764357841)",641992.0
90428,California,Long Beach,462257,"(33.8060144825, -118.160894146)",643000.0
93563,California,Los Angeles,3792621,"(34.1182277898, -118.408500088)",644000.0
121004,California,Lynwood,69772,"(33.9239616867, -118.201648375)",644574.0
121708,California,Manteca,67096,"(37.7961925102, -121.231230612)",645484.0
122603,California,Menifee,77519,"(33.6909533045, -117.18487699)",646842.0
123303,California,Merced,78958,"(37.3055863217, -120.477710571)",646898.0
123918,California,Milpitas,66790,"(37.433869763, -121.892083025)",647766.0
124442,California,Mission Viejo,93305,"(33.6095976891, -117.655029608)",648256.0
125142,California,Modesto,201165,"(37.6615478221, -120.988548061)",648354.0
126534,California,Moreno Valley,193365,"(33.9244314112, -117.204501895)",649270.0
127804,California,Mountain View,74066,"(37.3999252379, -122.079544343)",649670.0
128466,California,Murrieta,103466,"(33.5719743356, -117.190921143)",650076.0
129018,California,Napa,76915,"(38.2980424649, -122.301093331)",650258.0
129741,California,Newport Beach,85186,"(33.6150103607, -117.867364631)",651182.0
130413,California,Norwalk,105549,"(33.9068808228, -118.082915204)",652526.0
131057,California,Oakland,390724,"(37.790878035, -122.214859257)",653000.0
134273,California,Oceanside,167086,"(33.2247457474, -117.308200285)",653322.0
135280,California,Ontario,163924,"(34.0392649464, -117.606427103)",653896.0
136424,California,Orange,136416,"(33.8046419567, -117.8231855)",653980.0
137432,California,Oxnard,197899,"(34.1959237731, -119.18187657)",654652.0
138580,California,Palmdale,152750,"(34.5944899803, -118.105772328)",655156.0
139722,California,Pasadena,137122,"(34.1597634806, -118.138921644)",656000.0
140814,California,Perris,68386,"(33.7897346094, -117.223291831)",656700.0
141178,California,Pleasanton,70285,"(37.6656092171, -121.880775002)",657792.0
141625,California,Pomona,149058,"(34.0585026366, -117.762551658)",658072.0
142600,California,Rancho Cucamonga,165269,"(34.1245895555, -117.56617587)",659451.0
143468,California,Redding,89861,"(40.5697591271, -122.365026322)",659920.0
144361,California,Redlands,68747,"(34.0511315317, -117.170935294)",659962.0
144893,California,Redondo Beach,66748,"(33.8575280159, -118.376567893)",660018.0
145313,California,Redwood City,76815,"(37.5009145276, -122.224767617)",660102.0
145954,California,Rialto,99171,"(34.1128158089, -117.388535978)",660466.0
146822,California,Richmond,103701,"(37.9479710365, -122.336803759)",660620.0
147692,California,Riverside,303871,"(33.9381251685, -117.394845824)",662000.0
149814,California,Roseville,118788,"(38.7657516182, -121.302847708)",662938.0
150703,California,Sacramento,466488,"(38.5666321567, -121.468299801)",664000.0
154062,California,Salinas,150441,"(36.6889174321, -121.631811961)",664224.0
155035,California,San Bernardino,209924,"(34.1392322844, -117.295272732)",665000.0
156657,California,San Buenaventura (Ventura),106433,"(34.2743610206, -119.231436551)",665042.0
157439,California,San Diego,1307402,"(32.8355639418, -117.119792061)",666000.0
165573,California,San Francisco,805235,"(37.7559136611, -122.440987876)",667000.0
171270,California,San Jose,945942,"(37.3003963176, -121.847228423)",668000.0
177446,California,San Leandro,84950,"(37.7074299262, -122.159061655)",668084.0
178057,California,San Marcos,83781,"(33.134965986, -117.174363098)",668196.0
178617,California,San Mateo,97207,"(37.5518226893, -122.312390346)",668252.0
179402,California,San Ramon,72148,"(37.7623705462, -121.938150371)",668378.0
179860,California,Santa Ana,324528,"(33.7366948419, -117.881890237)",669000.0
181670,California,Santa Barbara,88410,"(34.4285733874, -119.720187334)",669070.0
182398,California,Santa Clara,116468,"(37.3646197504, -121.967932117)",669084.0
183151,California,Santa Clarita,176320,"(34.4119039185, -118.503504698)",669088.0
184572,California,Santa Maria,99553,"(34.9333735757, -120.443326954)",669196.0
185153,California,Santa Monica,89736,"(34.0231891612, -118.481563937)",670000.0
185741,California,Santa Rosa,167815,"(38.4464423102, -122.706005935)",670098.0
186805,California,Simi Valley,124237,"(34.2662462857, -118.748980462)",672016.0
187639,California,South Gate,94396,"(33.9447322664, -118.192550525)",673080.0
188255,California,Stockton,291707,"(37.9766322679, -121.311121669)",675000.0
190315,California,Sunnyvale,140081,"(37.3834416566, -122.025624324)",677000.0
191232,California,Temecula,100097,"(33.5029980884, -117.12239028)",678120.0
191906,California,Thousand Oaks,126683,"(34.1917745655, -118.874888411)",678582.0
192793,California,Torrance,145438,"(33.8345985464, -118.341641983)",680000.0
193689,California,Tracy,82922,"(37.7243277375, -121.444621463)",680238.0
194165,California,Turlock,68549,"(37.5052158271, -120.858762412)",680812.0
194641,California,Tustin,75540,"(33.7308520326, -117.810730968)",680854.0
195304,California,Union City,69516,"(37.6028390812, -122.018966106)",681204.0
195809,California,Upland,73732,"(34.1178445701, -117.660290062)",681344.0
196340,California,Vacaville,92428,"(38.3597235063, -121.96903046)",681554.0
196982,California,Vallejo,115942,"(38.1135329247, -122.235518478)",681666.0
197962,California,Victorville,115903,"(34.5277691103, -117.353855136)",682590.0
198576,California,Visalia,124442,"(36.3270623157, -119.325273214)",682954.0
199244,California,Vista,93834,"(33.1895481978, -117.238607217)",682996.0
200056,California,West Covina,106098,"(34.0554415174, -117.91128206)",684200.0
201008,California,Westminster,89701,"(33.7521523769, -117.993760054)",684550.0
201680,California,Whittier,85331,"(33.9678255596, -118.018796341)",685292.0
202380,Colorado,Arvada,106433,"(39.8308263293, -105.146327974)",803455.0
203388,Colorado,Aurora,325078,"(39.7091594781, -104.726526621)",804000.0
205880,Colorado,Boulder,97385,"(40.0275510494, -105.25151776)",807850.0
206719,Colorado,Centennial,100377,"(39.592872073, -104.867986891)",812815.0
207853,Colorado,Colorado Springs,416427,"(38.8672748077, -104.760664479)",816000.0
210854,Colorado,Denver,600158,"(39.7620283743, -104.876365322)",820000.0
214902,Colorado,Fort Collins,143986,"(40.5487758924, -105.065904872)",827425.0
216275,Colorado,Greeley,92889,"(40.4141369521, -104.771170982)",832155.0
217352,Colorado,Lakewood,142980,"(39.6976734462, -105.116965444)",843000.0
218637,Colorado,Longmont,86270,"(40.1695164708, -105.10195106)",845970.0
219276,Colorado,Loveland,66859,"(40.4165693758, -105.061758435)",846465.0
219780,Colorado,Pueblo,106595,"(38.2733957251, -104.612001218)",862000.0
220922,Colorado,Thornton,118772,"(39.9193994188, -104.944956758)",877290.0
221924,Colorado,Westminster,106114,"(39.8838511475, -105.062645316)",883835.0
222929,Connecticut,Bridgeport,144229,"(41.1928054233, -73.196054694)",908000.0
224042,Connecticut,Danbury,80893,"(41.4015898606, -73.470938682)",918430.0
224525,Connecticut,Hartford,124775,"(41.7660706419, -72.6834012389)",937000.0
225700,Connecticut,New Britain,73206,"(41.675922654, -72.7861630705)",950370.0
226340,Connecticut,New Haven,129779,"(41.3113869392, -72.9247595793)",952000.0
227264,Connecticut,Norwalk,85603,"(41.1175631682, -73.4224513123)",955990.0
227936,Connecticut,Stamford,122643,"(41.1049145013, -73.5589363142)",973000.0
228692,Connecticut,Waterbury,110366,"(41.5582443266, -73.036129832)",980000.0
229533,Delaware,Wilmington,70851,"(39.7412748227, -75.5418960925)",1077580.0
230260,District of C,Washington,601723,"(38.9099241426, -77.0147205666)",1150000.0
235333,Florida,Boca Raton,84392,"(26.3749012715, -80.1078208861)",1207300.0
236132,Florida,Boynton Beach,68217,"(26.5279818052, -80.0814660417)",1207875.0
236860,Florida,Cape Coral,154305,"(26.6448544993, -81.9931108298)",1210275.0
237756,Florida,Clearwater,107685,"(27.9805997919, -82.7544099135)",1212875.0
238820,Florida,Coral Springs,121096,"(26.2701700158, -80.2592221493)",1214400.0
239604,Florida,Davie,91992,"(26.0789340778, -80.2869750311)",1216475.0
240276,Florida,Deerfield Beach,75018,"(26.3049966413, -80.1277706584)",1216725.0
240808,Florida,Deltona,85182,"(28.905060048, -81.2134269839)",1217200.0
241368,Florida,Fort Lauderdale,165521,"(26.1418205174, -80.1471225502)",1224000.0
242852,Florida,Gainesville,124354,"(29.6817027431, -82.345278266)",1225175.0
243987,Florida,Hialeah,224669,"(25.869626948, -80.3045294666)",1230000.0
245242,Florida,Hollywood,140768,"(26.0287025703, -80.1683976059)",1232000.0
246278,Florida,Jacksonville,821784,"(30.3319820139, -81.6752266207)",1235000.0
250932,Florida,Lakeland,97422,"(28.0558482664, -81.9539536462)",1238250.0
252174,Florida,Largo,77648,"(27.9090907734, -82.7714203383)",1239425.0
253237,Florida,Lauderhill,66887,"(26.1605584187, -80.2241278263)",1239550.0
253713,Florida,Melbourne,76068,"(28.1158805782, -80.6508814613)",1243975.0
254464,Florida,Miami,399457,"(25.782295897, -80.2215647762)",1245000.0
257429,Florida,Miami Beach,87779,"(25.8167101614, -80.1341952652)",1245025.0
258292,Florida,Miami Gardens,107167,"(25.9432633871, -80.2425332162)",1245060.0
259017,Florida,Miramar,122041,"(25.9773288233, -80.3357316003)",1245975.0
259521,Florida,Orlando,238300,"(28.4800646771, -81.3452411179)",1253000.0
261813,Florida,Palm Bay,103190,"(27.9838255249, -80.6666722846)",1254000.0
262317,Florida,Palm Coast,75180,"(29.5405590976, -81.2508206143)",1254200.0
262820,Florida,Pembroke Pines,154750,"(26.0127387534, -80.3384522664)",1255775.0
263716,Florida,Plantation,84955,"(26.1259853923, -80.2616762465)",1257425.0
264331,Florida,Pompano Beach,99845,"(26.2428335699, -80.131245161)",1258050.0
265115,Florida,Port St. Lucie,164603,"(27.2808680308, -80.3832154574)",1258715.0
265786,Florida,St. Petersburg,244769,"(27.792894971, -82.6650743239)",1263000.0
267832,Florida,Sunrise,84439,"(26.1546878303, -80.299841102)",1269700.0
268474,Florida,Tallahassee,181376,"(30.4548951211, -84.2526459938)",1270600.0
270200,Florida,Tampa,335709,"(27.996198041, -82.4450349799)",1271000.0
273379,Florida,West Palm Beach,99919,"(26.7478714655, -80.1337397544)",1276600.0
274351,Georgia,Albany,77434,"(31.5776036766, -84.1763240815)",1301052.0
275106,Georgia,Athens,115452,"(33.9508170683, -83.3689417445)",1303440.0
276002,Georgia,Atlanta,420003,"(33.7626524683, -84.4231419055)",1304000.0
279724,Georgia,Augusta,195844,"(33.3644561527, -82.0708396775)",1304204.0
281096,Georgia,Columbus,189885,"(32.5099614852, -84.8770410586)",1319000.0
282636,Georgia,Johns Creek,76728,"(34.0332991998, -84.2027195506)",1342425.0
283084,Georgia,Macon,91351,"(32.8320417692, -83.6495823768)",1349000.0
284145,Georgia,Roswell,88346,"(34.0391384583, -84.3512225277)",1367284.0
284705,Georgia,Sandy Springs,93853,"(33.9366669867, -84.3703197084)",1368516.0
285458,Georgia,Savannah,136286,"(32.0283615157, -81.1783435493)",1369000.0
287013,Georgia,Warner Robins,66588,"(32.5985113609, -83.6530271267)",1380508.0
287601,Hawaii,Honolulu,953207,"(21.4588039305, -157.973296737)",15003.0
294322,Idaho,Boise City,205671,"(43.5984343897, -116.230885189)",1608830.0
295638,Idaho,Meridian,75092,"(43.6185195383, -116.39758487)",1652120.0
295918,Idaho,Nampa,81557,"(43.5829315681, -116.564145085)",1656260.0
296392,Illinois,Arlington Heights,75101,"(42.095623342, -87.9825627457)",1702154.0
297096,Illinois,Aurora,197899,"(41.7637750837, -88.2900949057)",1703012.0
298318,Illinois,Bloomington,76610,"(40.4756778366, -88.9700813515)",1706613.0
299046,Illinois,Bolingbrook,73366,"(41.6911653908, -88.1011218035)",1707133.0
299578,Illinois,Champaign,81055,"(40.1151051361, -88.2729845986)",1712385.0
300245,Illinois,Chicago,2695598,"(41.8372950615, -87.6862308732)",1714000.0
322614,Illinois,Cicero,83891,"(41.844539143, -87.7592873023)",1714351.0
323118,Illinois,Decatur,76122,"(39.8555822645, -88.9336983421)",1718823.0
323986,Illinois,Elgin,108188,"(42.0385402472, -88.3224947104)",1723074.0
324824,Illinois,Evanston,74486,"(42.0463099649, -87.6940348773)",1724582.0
325384,Illinois,Joliet,147433,"(41.5206390037, -88.1507097756)",1738570.0
326725,Illinois,Naperville,141853,"(41.7482001145, -88.1657705099)",1751622.0
327814,Illinois,Palatine,68557,"(42.1180663695, -88.042989882)",1757225.0
328290,Illinois,Peoria,115007,"(40.7515684146, -89.615255458)",1759000.0
329382,Illinois,Rockford,152871,"(42.2633180015, -89.0625958362)",1765000.0
330997,Illinois,Schaumburg,74227,"(42.0305488755, -88.0838663543)",1768003.0
331778,Illinois,Springfield,116250,"(39.7716473322, -89.6540780049)",1772000.0
333070,Illinois,Waukegan,89078,"(42.3702955582, -87.8712595095)",1779293.0
333854,Indiana,Bloomington,80405,"(39.1637458221, -86.5257124351)",1805860.0
334520,Indiana,Carmel,79191,"(39.9658404613, -86.1461278461)",1810342.0
334995,Indiana,Evansville,117429,"(37.9867158026, -87.538270731)",1822000.0
336274,Indiana,Fishers,76794,"(39.9587635263, -85.969310702)",1823278.0
336582,Indiana,Fort Wayne,253691,"(41.0884920417, -85.1435898792)",1825000.0
338865,Indiana,Gary,80294,"(41.5904779239, -87.3472907397)",1827000.0
339798,Indiana,Hammond,80830,"(41.6171442828, -87.4909551115)",1831000.0
340385,Indiana,Indianapolis,820445,"(39.7771221075, -86.145782152)",1836003.0
346348,Indiana,Lafayette,67140,"(40.3994285285, -86.8617007404)",1840788.0
347046,Indiana,Muncie,70085,"(40.1987098324, -85.3942940148)",1851876.0
347822,Indiana,South Bend,101168,"(41.6769914549, -86.2690372417)",1871000.0
349132,Iowa,Cedar Rapids,126326,"(41.966729258, -91.6781679349)",1912000.0
350243,Iowa,Davenport,99685,"(41.5557926876, -90.6051730163)",1919000.0
351245,Iowa,Des Moines,203433,"(41.5741349525, -93.6165066086)",1921000.0
352977,Iowa,Iowa City,67862,"(41.6558950332, -91.5308854927)",1938595.0
353509,Iowa,Sioux City,82684,"(42.4963149039, -96.3913834837)",1973335.0
354208,Iowa,Waterloo,68406,"(42.4919736932, -92.3521759342)",1982425.0
355020,Kansas,Kansas City,145786,"(39.1234621409, -94.7441921112)",2036000.0
356830,Kansas,Lawrence,87643,"(38.9599302924, -95.2628259088)",2038900.0
357390,Kansas,Olathe,125872,"(38.884693021, -94.8192070197)",2052575.0
358230,Kansas,Overland Park,173372,"(38.8872922575, -94.6872267067)",2053775.0
359659,Kansas,Topeka,127473,"(39.0359549911, -95.6954155341)",2071000.0
360806,Kansas,Wichita,382368,"(37.690561478, -97.3429366807)",2079000.0
363933,Kentucky,Lexington,295803,"(38.0423254022, -84.4587259608)",2146027.0
366284,Kentucky,Louisville,597337,"(38.1777689918, -85.6664099974)",2148006.0
371460,Louisiana,Baton Rouge,229493,"(30.4510891679, -91.1263551997)",2205000.0
373349,Louisiana,Kenner,66702,"(30.0106937201, -90.2550320135)",2239475.0
373948,Louisiana,Lafayette,120623,"(30.2120582815, -92.0317532321)",2240735.0
374956,Louisiana,Lake Charles,71993,"(30.2030679966, -93.2148796496)",2241155.0
375628,Louisiana,New Orleans,343829,"(30.0687009935, -89.9316317895)",2255000.0
380578,Louisiana,Shreveport,199311,"(32.4671618864, -93.7962236108)",2270000.0
382336,Maine,Portland,66194,"(43.6779836271, -70.2752544531)",2360545.0
382951,Maryland,Baltimore,620961,"(39.3084523991, -76.6160492311)",2404000.0
388606,Massachusetts,Boston,617594,"(42.3155796777, -71.0916505804)",2507000.0
393583,Massachusetts,Brockton,93810,"(42.082071372, -71.0241656338)",2509000.0
394221,Massachusetts,Cambridge,105162,"(42.3758188051, -71.1183992378)",2511000.0
395174,Massachusetts,Fall River,88857,"(41.7139907598, -71.0996396919)",2523000.0
395929,Massachusetts,Lawrence,76377,"(42.7002772201, -71.1626790341)",2534550.0
396489,Massachusetts,Lowell,106519,"(42.6388727331, -71.321714396)",2537000.0
397245,Massachusetts,Lynn,90329,"(42.4783322881, -70.9662372538)",2537490.0
397917,Massachusetts,New Bedford,95072,"(41.6712667258, -70.9441204537)",2545000.0
398842,Massachusetts,Newton,85146,"(42.3316567616, -71.2084466944)",2545560.0
399401,Massachusetts,Quincy,92271,"(42.2492981918, -71.0218764062)",2555745.0
400017,Massachusetts,Somerville,75754,"(42.3905738858, -71.1017450879)",2562535.0
400577,Massachusetts,Springfield,153060,"(42.1154977999, -72.5395254143)",2567000.0
401670,Massachusetts,Worcester,181045,"(42.2705425446, -71.8079404584)",2582000.0
402953,Michigan,Ann Arbor,113934,"(42.2756833567, -83.7311374448)",2603000.0
404006,Michigan,Dearborn,98153,"(42.3126884626, -83.2129368006)",2621000.0
404734,Michigan,Detroit,713777,"(42.3847015631, -83.1053178776)",2622000.0
413069,Michigan,Farmington Hills,79740,"(42.4859956992, -83.3771159714)",2627440.0
413769,Michigan,Flint,102434,"(43.0236339386, -83.6920640313)",2629000.0
414724,Michigan,Troy,80980,"(42.5817340358, -83.1457545154)",2680700.0
414946,Michigan,Grand Rapids,188040,"(42.9614815414, -85.6556858473)",2634000.0
416459,Michigan,Kalamazoo,74262,"(42.2748756474, -85.588188576)",2642160.0
417150,Michigan,Lansing,114297,"(42.7090711751, -84.5584470022)",2646000.0
418454,Michigan,Livonia,96942,"(42.3971592737, -83.3733073683)",2649000.0
419378,Michigan,Rochester Hills,70995,"(42.6645256768, -83.1563037157)",2669035.0
419994,Michigan,Southfield,71739,"(42.4765016267, -83.2605284738)",2674900.0
420694,Michigan,Sterling Heights,129699,"(42.580985283, -83.0303680858)",2676460.0
422174,Michigan,Warren,134056,"(42.4934233034, -83.0270075248)",2684000.0
423427,Michigan,Westland,84094,"(42.3192220455, -83.3805461719)",2686000.0
424127,Michigan,Wyoming,72125,"(42.8909745661, -85.7067229249)",2688940.0
424624,Minnesota,Bloomington,82893,"(44.8305852429, -93.3150995817)",2706616.0
425268,Minnesota,Brooklyn Park,75781,"(45.1112033916, -93.3505067942)",2707966.0
425688,Minnesota,Duluth,86265,"(46.7854703427, -92.1342013763)",2717000.0
426751,Minnesota,Minneapolis,382578,"(44.9635407967, -93.2678345304)",2743000.0
429960,Minnesota,Plymouth,70576,"(45.022462874, -93.4616016242)",2751730.0
430026,Minnesota,Rochester,106769,"(44.0150574384, -92.4775005494)",2754880.0
431423,Minnesota,St. Paul,285068,"(44.9477402558, -93.1039958305)",2758000.0
433747,Mississippi,Gulfport,67793,"(30.427377008, -89.0701908439)",2829700.0
434414,Mississippi,Jackson,173514,"(32.31627222, -90.2124528561)",2836000.0
435976,Missouri,Columbia,108500,"(38.9481109651, -92.3260129764)",2915670.0
436704,Missouri,Independence,116830,"(39.0870794771, -94.3502748237)",2935000.0
437618,Missouri,Kansas City,459787,"(39.1239413971, -94.5541236795)",2938000.0
442339,Missouri,Lee's Summit,91364,"(38.9170508128, -94.3814865856)",2941348.0
443030,Missouri,O'Fallon,79329,"(38.7852244161, -90.7176856736)",2954074.0
443694,Missouri,St. Joseph,76780,"(39.7598312179, -94.8209246813)",2964550.0
444422,Missouri,St. Louis,319294,"(38.6358122615, -90.2451186799)",2965000.0
447446,Missouri,Springfield,159498,"(37.1942661484, -93.2914273656)",2970000.0
449004,Montana,Billings,104170,"(45.7893102609, -108.54882784)",3006550.0
449840,Montana,Missoula,66788,"(46.8694402455, -114.009863843)",3050200.0
450344,Nebraska,Lincoln,258379,"(40.8096195695, -96.6806742049)",3128000.0
452346,Nebraska,Omaha,408958,"(41.2642309111, -96.0415076441)",3137000.0
456560,Nevada,Henderson,257729,"(36.0122394916, -115.037392161)",3231900.0
458515,Nevada,Las Vegas,583756,"(36.2274148438, -115.262670095)",3240000.0
462934,Nevada,North Las Vegas,216961,"(36.2891993562, -115.088496088)",3251800.0
464385,Nevada,Reno,225221,"(39.5540171998, -119.852733516)",3260600.0
466419,Nevada,Sparks,90264,"(39.573373276, -119.713134168)",3268400.0
467200,New Hampshire,Manchester,109565,"(42.9844541713, -71.4445313287)",3345140.0
468068,New Hampshire,Nashua,86494,"(42.7491554459, -71.4909587631)",3350260.0
468627,New Jersey,Camden,77344,"(39.9361910066, -75.1072961899)",3410000.0
469215,New Jersey,Clifton,84136,"(40.8631217425, -74.1575145342)",3413690.0
469719,New Jersey,Elizabeth,124969,"(40.6664447729, -74.1938679138)",3421000.0
470503,New Jersey,Jersey City,247597,"(40.7188130852, -74.0687740635)",3436000.0
472409,New Jersey,Newark,277140,"(40.7260693449, -74.1752997118)",3451000.0
474897,New Jersey,Passaic,69781,"(40.8574581109, -74.1281123174)",3456550.0
475345,New Jersey,Paterson,146199,"(40.9146874977, -74.1624181271)",3457000.0
476325,New Jersey,Trenton,84913,"(40.2237289981, -74.7639943311)",3474000.0
477081,New Jersey,Union City,66455,"(40.7674606884, -74.032293507)",3474630.0
477640,New Mexico,Albuquerque,545852,"(35.1055025771, -106.647447696)",3502000.0
481539,New Mexico,Rio Rancho,87521,"(35.287307935, -106.697981552)",3563460.0
481612,New Mexico,Las Cruces,97618,"(32.326638797, -106.789465579)",3539380.0
482946,New Mexico,Santa Fe,67947,"(35.6662719601, -105.972662995)",3570500.0
483914,New York,Albany,97856,"(42.6663969604, -73.7986826267)",3601000.0
484697,New York,Buffalo,261310,"(42.9014518233, -78.8475237264)",3611000.0
486959,New York,Mount Vernon,67292,"(40.9136008569, -73.8291001676)",3649121.0
487575,New York,New Rochelle,77062,"(40.9321713141, -73.7843883178)",3650617.0
488051,New York,New York,8175133,"(40.694960689, -73.9313850409)",3651000.0
547962,New York,Rochester,210565,"(43.1679802918, -77.6162348882)",3663000.0
550325,New York,Schenectady,66135,"(42.8025204414, -73.9275333869)",3665508.0
550941,New York,Syracuse,145170,"(43.0409202097, -76.1437679213)",3673000.0
552562,New York,Yonkers,195976,"(40.9465025597, -73.8636959965)",3684000.0
554046,North Carolin,Asheville,83393,"(35.5708251391, -82.5537350816)",3702140.0
555018,North Carolin,Cary,135234,"(35.7814978722, -78.8152191642)",3710740.0
556218,North Carolin,Charlotte,731424,"(35.2078721969, -80.8300754645)",3712000.0
561876,North Carolin,Concord,79066,"(35.3939316958, -80.6352429349)",3714100.0
562588,North Carolin,Durham,228330,"(35.9809147402, -78.9059161097)",3719000.0
564385,North Carolin,Fayetteville,200564,"(35.0851309527, -78.9791676456)",3722920.0
565910,North Carolin,Gastonia,71741,"(35.2472984431, -81.1836588468)",3725580.0
566995,North Carolin,Greensboro,269666,"(36.0960480415, -79.8276833061)",3728000.0
569329,North Carolin,Greenville,84554,"(35.5959211876, -77.3766133673)",3728080.0
570053,North Carolin,High Point,104371,"(35.9881243803, -79.9932956384)",3731400.0
571088,North Carolin,Jacksonville,70145,"(34.7331103037, -77.3951822819)",3734200.0
571610,North Carolin,Raleigh,403892,"(35.8322080933, -78.6440243809)",3755000.0
574365,North Carolin,Wilmington,106476,"(34.2102758569, -77.8872842368)",3774440.0
575289,North Carolin,Winston-Salem,229617,"(36.1029453039, -80.2609889241)",3775000.0
575386,North Dakota,Fargo,105549,"(46.8652457832, -96.8289882328)",3825700.0
578107,Ohio,Akron,199110,"(41.0801444942, -81.5219213688)",3901000.0
580059,Ohio,Canton,73007,"(40.8080192662, -81.3676594998)",3912000.0
580949,Ohio,Cincinnati,296943,"(39.1411747124, -84.5060004524)",3915000.0
584303,Ohio,Cleveland,396815,"(41.4765345821, -81.6805494865)",3916000.0
589284,Ohio,Columbus,787033,"(39.9859500484, -82.9851738516)",3918000.0
595932,Ohio,Dayton,141527,"(39.779768039, -84.1997930517)",3921000.0
597766,Ohio,Parma,81601,"(41.3842399838, -81.728599153)",3961000.0
598438,Ohio,Toledo,287208,"(41.6637399604, -83.5823818449)",3977000.0
601266,Ohio,Youngstown,66982,"(41.0993286607, -80.6463187081)",3988000.0
602218,Oklahoma,Broken Arrow,98850,"(36.0366324911, -95.7809572414)",4009050.0
603389,Oklahoma,Edmond,81405,"(35.6689350516, -97.4159205309)",4023200.0
604060,Oklahoma,Lawton,96867,"(34.6170564899, -98.4203934803)",4041850.0
604899,Oklahoma,Norman,110925,"(35.2335032647, -97.3470413838)",4052500.0
605791,Oklahoma,Oklahoma City,579999,"(35.467564288, -97.5137615524)",4055000.0
611954,Oklahoma,Tulsa,391906,"(36.1284213425, -95.9036195464)",4075000.0
615750,Oregon,Beaverton,89803,"(45.4795765674, -122.814973469)",4105350.0
616637,Oregon,Bend,76639,"(44.0561827184, -121.308690416)",4105800.0
617029,Oregon,Eugene,156185,"(44.0559363346, -123.117327584)",4123850.0
618313,Oregon,Gresham,105594,"(45.5024256798, -122.441469029)",4131250.0
619069,Oregon,Hillsboro,91611,"(45.529027994, -122.937442209)",4134100.0
619793,Oregon,Medford,74907,"(42.3371987584, -122.853625909)",4147000.0
620461,Oregon,Portland,583776,"(45.537180654, -122.650032751)",4159000.0
624983,Oregon,Salem,154637,"(44.923273154, -123.0248671)",4164900.0
626152,Pennsylvania,Allentown,118032,"(40.596099618, -75.4755373968)",4202000.0
626937,Pennsylvania,Bethlehem,74982,"(40.6266402578, -75.3679048175)",4206088.0
627496,Pennsylvania,Erie,101786,"(42.1164698754, -80.0730358517)",4224000.0
628392,Pennsylvania,Philadelphia,1526006,"(40.0093147808, -75.1333888571)",4260000.0
639138,Pennsylvania,Pittsburgh,305704,"(40.4396297486, -79.9762614995)",4261000.0
642925,Pennsylvania,Reading,88082,"(40.3399678686, -75.9266128837)",4263624.0
643733,Pennsylvania,Scranton,76089,"(41.4043729362, -75.6649126898)",4269000.0
644545,Rhode Island,Cranston,80387,"(41.7658017135, -71.4861485002)",4419180.0
645076,Rhode Island,Pawtucket,71148,"(41.8744534517, -71.3743580803)",4454640.0
645720,Rhode Island,Providence,178042,"(41.823480533, -71.4218129335)",4459000.0
646869,Rhode Island,Warwick,82672,"(41.7064727301, -71.4345615049)",4474300.0
647537,South Carolin,Charleston,120083,"(32.8136961892, -79.967381899)",4513330.0
648826,South Carolin,Columbia,129272,"(34.0366069566, -80.9037852694)",4516000.0
650709,South Carolin,Mount Pleasant,67843,"(32.8538274584, -79.8230343029)",4548535.0
651134,South Carolin,North Charleston,97471,"(32.9100915071, -80.0738525014)",4550875.0
652002,South Carolin,Rock Hill,66154,"(34.9403611496, -81.0249178286)",4561405.0
652670,South Dakota,Rapid City,67956,"(44.0705009564, -103.218361421)",4652980.0
653283,South Dakota,Sioux Falls,153888,"(43.5388067537, -96.7313495858)",4659020.0
654428,Tennessee,Chattanooga,167674,"(35.0662472165, -85.2466771892)",4714000.0
656063,Tennessee,Clarksville,132929,"(36.569683159, -87.3432371614)",4715160.0
657096,Tennessee,Knoxville,178874,"(35.9690594531, -83.9495877264)",4740000.0
659414,Tennessee,Memphis,646889,"(35.1046295042, -89.978906085)",4748000.0
664528,Tennessee,Murfreesboro,108755,"(35.850778195, -86.408628238)",4751560.0
665307,Tennessee,Nashville,601222,"(36.1712229904, -86.7845944773)",4752006.0
669731,Texas,Abilene,117063,"(32.4546510898, -99.7383043723)",4801000.0
670842,Texas,Allen,84246,"(33.1087043234, -96.6735373763)",4801924.0
671206,Texas,Amarillo,190695,"(35.2003835544, -101.828292514)",4803000.0
672802,Texas,Arlington,365438,"(32.699836862, -97.125089612)",4804000.0
674902,Texas,Austin,790390,"(30.3068610342, -97.7554771245)",4805000.0
680672,Texas,Baytown,71802,"(29.7571153043, -94.9676276217)",4806128.0
681279,Texas,Beaumont,118296,"(30.084416647, -94.1441072222)",4807000.0
682284,Texas,Brownsville,175023,"(25.9981977861, -97.4566343763)",4810768.0
683759,Texas,Bryan,76201,"(30.6665687582, -96.3663819223)",4810912.0
684263,Texas,Carrollton,119097,"(32.988438459, -96.900137433)",4813024.0
685292,Texas,College Station,93857,"(30.5867615801, -96.2957958614)",4815976.0
686072,Texas,Corpus Christi,305215,"(27.7291588337, -97.4019095379)",4817000.0
688226,Texas,Dallas,1197816,"(32.7939804066, -96.7656929463)",4819000.0
697183,Texas,Denton,113383,"(33.2156160443, -97.1412438684)",4819972.0
698094,Texas,Edinburg,77100,"(26.3155843974, -98.1637130371)",4822660.0
698514,Texas,El Paso,649121,"(31.8481123506, -106.432021874)",4824000.0
702361,Texas,Fort Worth,741206,"(32.780192804, -97.3470323225)",4827000.0
707107,Texas,Frisco,116989,"(33.1507545152, -96.8201336312)",4827684.0
708110,Texas,Garland,226876,"(32.9100799867, -96.6304258603)",4829000.0
709629,Texas,Grand Prairie,175396,"(32.6867650238, -97.0209311916)",4830464.0
710825,Texas,Houston,2099451,"(29.7806691396, -95.3860033966)",4835000.0
727613,Texas,Irving,216290,"(32.8583808131, -96.9703058323)",4837000.0
729146,Texas,Killeen,127921,"(31.0757648143, -97.7285651299)",4839148.0
730007,Texas,Laredo,236091,"(27.5482572475, -99.4867797312)",4841464.0
731710,Texas,League City,83560,"(29.4872995808, -95.1089858945)",4841980.0
732156,Texas,Lewisville,95290,"(33.0451992429, -96.9829273031)",4842508.0
733108,Texas,Longview,80455,"(32.5192857856, -94.762197598)",4843888.0
733775,Texas,Lubbock,229573,"(33.5666251178, -101.886335663)",4845000.0
735511,Texas,McAllen,129877,"(26.2186289942, -98.2451704536)",4845384.0
736319,Texas,McKinney,131117,"(33.1988886952, -96.6677029773)",4845744.0
737202,Texas,Mesquite,139824,"(32.7641310166, -96.5927445114)",4847892.0
738208,Texas,Midland,111147,"(32.0285948356, -102.109700973)",4848072.0
738987,Texas,Mission,77058,"(26.2033406464, -98.322770513)",4848768.0
739469,Texas,Missouri City,67358,"(29.563674661, -95.5382066661)",4848804.0
740043,Texas,Odessa,99940,"(31.879456461, -102.344465435)",4853388.0
740771,Texas,Pasadena,149043,"(29.6589511488, -95.1509173148)",4856000.0
741829,Texas,Pearland,91252,"(29.5584850577, -95.3208389111)",4856348.0
742305,Texas,Pharr,70400,"(26.168815399, -98.1904720704)",4857200.0
742613,Texas,Plano,259841,"(33.0502149278, -96.7486409797)",4858016.0
744292,Texas,Richardson,99223,"(32.9716582389, -96.7093052991)",4861796.0
745048,Texas,Round Rock,99887,"(30.5239578235, -97.6669801882)",4863500.0
745801,Texas,San Angelo,93200,"(31.440468746, -100.452243142)",4864472.0
746497,Texas,San Antonio,1327407,"(29.4721475333, -98.5246763525)",4865000.0
755642,Texas,Sugar Land,78817,"(29.5974680902, -95.627455775)",4870808.0
756255,Texas,Tyler,96900,"(32.3154021183, -95.3050093799)",4874144.0
757089,Texas,Waco,124805,"(31.5597607137, -97.1883333282)",4876000.0
758226,Texas,Wichita Falls,104553,"(33.9072739838, -98.5292981697)",4879000.0
759149,Utah,Layton,67311,"(41.077181614, -111.961589302)",4943660.0
759736,Utah,Ogden,82825,"(41.2281567535, -111.967450557)",4955980.0
760543,Utah,Orem,88328,"(40.2987127625, -111.699188517)",4957300.0
761266,Utah,Provo,112488,"(40.2457185288, -111.645715857)",4962470.0
762149,Utah,St. George,72897,"(37.0787444634, -113.579352503)",4965330.0
762597,Utah,Salt Lake City,186440,"(40.7778489465, -111.931220784)",4967000.0
764239,Utah,Sandy,87461,"(40.5702254423, -111.852431062)",4967440.0
765103,Utah,West Jordan,103712,"(40.6022598635, -112.000961848)",4982950.0
765775,Utah,West Valley City,129480,"(40.6887696962, -112.011667394)",4983470.0
766580,Vermont,Burlington,42417,"(44.4876245694, -73.2314828365)",5010675.0
766944,Virginia,Alexandria,139966,"(38.8187351557, -77.0867762661)",5101000.0
768064,Virginia,Chesapeake,222209,"(36.6777521118, -76.3024325925)",5116000.0
769268,Virginia,Hampton,137436,"(37.0533009025, -76.3665945624)",5135000.0
770248,Virginia,Lynchburg,75568,"(37.4004163016, -79.1911081)",5147672.0
770836,Virginia,Newport News,180719,"(37.1051141309, -76.5182644502)",5156000.0
772125,Virginia,Norfolk,242803,"(36.8932863006, -76.2567157761)",5157000.0
774387,Virginia,Portsmouth,95535,"(36.8451450228, -76.3552763467)",5164000.0
775306,Virginia,Richmond,204214,"(37.5293933083, -77.475568168)",5167000.0
777210,Virginia,Roanoke,97032,"(37.2782181855, -79.9581615989)",5168000.0
777910,Virginia,Suffolk,84585,"(36.6930367981, -76.6414278469)",5176432.0
778750,Virginia,Virginia Beach,437994,"(36.7534593339, -76.0589579522)",5182000.0
781577,Washington,Auburn,70180,"(47.3038544325, -122.210810557)",5303180.0
782189,Washington,Bellevue,122363,"(47.5962437606, -122.153569982)",5305210.0
783075,Washington,Bellingham,80885,"(48.7535370315, -122.468092906)",5305280.0
783607,Washington,Everett,103019,"(47.9497966189, -122.160703911)",5322640.0
784444,Washington,Federal Way,89306,"(47.3090846316, -122.335755583)",5323515.0
785055,Washington,Kennewick,73917,"(46.198438428, -119.173245847)",5335275.0
785503,Washington,Kent,92411,"(47.3849636272, -122.217890194)",5335415.0
786203,Washington,Renton,90927,"(47.4760546752, -122.191153327)",5357745.0
786986,Washington,Seattle,608660,"(47.622154338, -122.323532482)",5363000.0
790794,Washington,Spokane,208916,"(47.6736243259, -117.415973291)",5367000.0
792528,Washington,Spokane Valley,89755,"(47.662556574, -117.234571922)",5367167.0
793284,Washington,Tacoma,198397,"(47.2425411445, -122.45447391)",5370000.0
794849,Washington,Vancouver,161791,"(45.6357172365, -122.598539476)",5374060.0
796353,Washington,Yakima,91067,"(46.5925792092, -120.547807614)",5380010.0
797022,West Virginia,Charleston,51400,"(38.3484079736, -81.632165003)",5414600.0
797750,Wisconsin,Appleton,72623,"(44.2776987457, -88.3897664444)",5502375.0
798505,Wisconsin,Green Bay,104057,"(44.5149847816, -87.9896195955)",5531000.0
799401,Wisconsin,Kenosha,99218,"(42.585570271, -87.8735745085)",5539225.0
800239,Wisconsin,Madison,233209,"(43.0809865694, -89.3915106344)",5548000.0
802188,Wisconsin,Milwaukee,594833,"(43.0641258925, -87.9672412429)",5553000.0
808235,Wisconsin,Racine,78860,"(42.7274599494, -87.813453024)",5566000.0
808959,Wisconsin,Waukesha,70718,"(43.0093332215, -88.2457679157)",5584250.0
809599,Wyoming,Cheyenne,59466,"(41.1460804265, -104.789064332)",5613900.0
