,Average Temperature,Historic Low Temp,Average High Temp,Average Low Temp,Historic High Temp,State_x,City,CityFIPS,State_y,Place,Name,Population,Median Age,Household Income,Per Capita Income,Poverty Count,Poverty Rate,Unemployment Rate
0,63.0,11.0,83.0,42.0,104.0,Alabama,Birmingham,107000.0,01,07000,"Birmingham city, Alabama",212295.0,35.9,31445.0,19650.0,62258.0,29.32617348500907,7.2526437268894695
1,63.0,11.0,83.0,42.0,104.0,Alabama,Hoover,135896.0,01,35896,"Hoover city, Alabama",82264.0,36.7,75020.0,38457.0,5537.0,6.730769230769231,3.397597977243995
2,59.0,5.0,81.0,37.0,102.0,Alabama,Huntsville,137000.0,01,37000,"Huntsville city, Alabama",182317.0,36.7,48881.0,30916.0,29494.0,16.177317529358206,6.053193064826648
3,67.0,18.0,84.0,48.0,102.0,Alabama,Mobile,150000.0,01,50000,"Mobile city, Alabama",195116.0,35.5,38644.0,23385.0,43928.0,22.51378667049345,6.267553660386642
4,64.0,16.0,85.0,45.0,102.0,Alabama,Montgomery,151000.0,01,51000,"Montgomery city, Alabama",204760.0,34.2,43702.0,24365.0,44774.0,21.866575503027935,4.366087126391873
5,63.0,1.0,85.0,42.0,103.0,Alabama,Tuscaloosa,177256.0,01,77256,"Tuscaloosa city, Alabama",92461.0,27.6,38519.0,21511.0,21984.0,23.776511177685727,3.6772260736959366
6,39.0,-24.0,57.0,19.0,86.0,Alaska,Anchorage,203000.0,02,03000,"Anchorage municipality, Alaska",295237.0,32.8,77454.0,36214.0,22874.0,7.747673902661252,3.991708356337451
7,79.0,23.0,97.0,54.0,131.0,Arizona,Avondale,404720.0,04,04720,"Avondale city, Arizona",76872.0,29.7,55506.0,20635.0,13094.0,17.033510250806536,5.592413362472682
8,77.0,21.0,95.0,51.0,117.0,Arizona,Chandler,412000.0,04,12000,"Chandler city, Arizona",241096.0,34.0,71083.0,32185.0,21914.0,9.089325413942994,4.1792481003417725
9,74.0,25.0,95.0,51.0,120.0,Arizona,Gilbert,427400.0,04,27400,"Gilbert town, Arizona",215683.0,32.4,80355.0,31673.0,14398.0,6.675537710436149,3.4360612565663495
10,78.0,28.0,97.0,53.0,120.0,Arizona,Glendale,427820.0,04,27820,"Glendale city, Arizona",230047.0,32.8,47474.0,22071.0,46571.0,20.2441240268293,6.077888431494434
11,76.0,25.0,96.0,53.0,117.0,Arizona,Mesa,446000.0,04,46000,"Mesa city, Arizona",447002.0,35.6,48547.0,24155.0,69449.0,15.536619522955155,4.708703764188974
12,78.0,28.0,97.0,53.0,120.0,Arizona,Peoria,454050.0,04,54050,"Peoria city, Arizona",157152.0,38.5,62013.0,28751.0,15451.0,9.831882508654042,4.172393606190186
13,74.0,25.0,94.0,53.0,117.0,Arizona,Phoenix,455000.0,04,55000,"Phoenix city, Arizona",1473639.0,32.6,47139.0,23812.0,331487.0,22.494450811901693,5.249861058237466
14,76.0,27.0,95.0,54.0,118.0,Arizona,Scottsdale,465000.0,04,65000,"Scottsdale city, Arizona",221283.0,45.4,72154.0,50531.0,19235.0,8.692488803929809,3.5113406813898944
15,75.0,25.0,95.0,52.0,118.0,Arizona,Surprise,471510.0,04,71510,"Surprise city, Arizona",118784.0,37.0,58455.0,24612.0,10910.0,9.184738685344827,4.037580818965517
16,78.0,30.0,97.0,56.0,119.0,Arizona,Tempe,473000.0,04,73000,"Tempe city, Arizona",164742.0,28.3,47941.0,26227.0,34433.0,20.901166672736764,5.594808852630173
17,71.0,17.0,93.0,48.0,113.0,Arizona,Tucson,477000.0,04,77000,"Tucson city, Arizona",523278.0,33.0,37032.0,20314.0,126367.0,24.14911385535031,6.0084696853297865
18,76.0,28.0,99.0,51.0,118.0,Arizona,Yuma,485540.0,04,85540,"Yuma city, Arizona",92492.0,30.2,44220.0,20617.0,14487.0,15.662976257406045,5.108549928642478
19,56.0,-18.0,80.0,33.0,106.0,Arkansas,Fayetteville,523290.0,05,23290,"Fayetteville city, Arkansas",75602.0,27.6,36314.0,25503.0,17687.0,23.394883733234572,4.388772783788789
20,62.0,3.0,86.0,40.0,113.0,Arkansas,Fort Smith,524550.0,05,24550,"Fort Smith city, Arkansas",86924.0,35.3,36618.0,22704.0,21323.0,24.530624453545627,3.1372233215222494
21,59.0,5.0,82.0,39.0,104.0,Arkansas,Jonesboro,535710.0,05,35710,"Jonesboro city, Arkansas",69049.0,30.9,40046.0,24007.0,15945.0,23.09229677475416,5.015279004764732
22,62.0,10.0,84.0,42.0,108.0,Arkansas,Little Rock,541000.0,05,41000,"Little Rock city, Arkansas",195092.0,35.3,44896.0,29294.0,35766.0,18.332889098476617,5.081705041723905
23,61.0,-4.0,83.0,35.0,109.0,Arkansas,Springdale,566080.0,05,66080,"Springdale city, Arkansas",72070.0,29.4,41281.0,18390.0,16901.0,23.450811710836685,3.6658803940613294
24,58.0,30.0,78.0,45.0,101.0,California,Alameda,600562.0,06,00562,"Alameda city, California",74818.0,40.6,74606.0,41340.0,7592.0,10.147290758908284,4.9119195915421425
25,65.0,36.0,86.0,52.0,112.0,California,Alhambra,600884.0,06,00884,"Alhambra city, California",83799.0,39.8,54148.0,25703.0,11565.0,13.800880678767049,4.071647633026647
26,66.0,32.0,90.0,51.0,111.0,California,Anaheim,602000.0,06,02000,"Anaheim city, California",340081.0,32.8,59165.0,23400.0,54093.0,15.905916531649813,6.0591447331665105
27,60.0,24.0,86.0,42.0,109.0,California,Antioch,602252.0,06,02252,"Antioch city, California",104035.0,33.8,65254.0,24678.0,15335.0,14.74023165280915,6.964002499158937
28,65.0,12.0,89.0,40.0,114.0,California,Apple Valley,602364.0,06,02364,"Apple Valley town, California",69785.0,36.6,48432.0,22941.0,13990.0,20.04728809916171,6.297915024718779
29,69.0,25.0,91.0,47.0,111.0,California,Bakersfield,603526.0,06,03526,"Bakersfield city, California",352918.0,30.1,56204.0,23316.0,71445.0,20.244079361211387,5.739010195002805
30,65.0,36.0,86.0,52.0,112.0,California,Baldwin Park,603666.0,06,03666,"Baldwin Park city, California",75933.0,31.0,51153.0,15314.0,13164.0,17.336335980403778,7.177380058735991
31,65.0,35.0,88.0,51.0,109.0,California,Bellflower,604982.0,06,04982,"Bellflower city, California",76989.0,32.0,49637.0,20397.0,13075.0,16.982945615607424,5.170868565639247
32,58.0,30.0,78.0,45.0,101.0,California,Berkeley,606000.0,06,06000,"Berkeley city, California",114037.0,31.8,63312.0,41308.0,19464.0,17.068144549576015,4.466971246174487
33,66.0,32.0,90.0,51.0,111.0,California,Buena Park,608786.0,06,08786,"Buena Park city, California",81522.0,35.5,66371.0,23623.0,9746.0,11.955055077157086,4.017320477907804
34,66.0,31.0,90.0,49.0,112.0,California,Burbank,608954.0,06,08954,"Burbank city, California",103850.0,38.6,66240.0,33663.0,9710.0,9.350024073182475,5.3220991815117955
35,63.0,32.0,80.0,52.0,103.0,California,Carlsbad,611194.0,06,11194,"Carlsbad city, California",107307.0,41.1,83908.0,43441.0,11358.0,10.584584416673655,4.479670478160791
36,65.0,35.0,88.0,51.0,109.0,California,Carson,611530.0,06,11530,"Carson city, California",91994.0,37.3,72235.0,23762.0,9142.0,9.937604626388678,7.632019479531274
37,65.0,19.0,85.0,44.0,111.0,California,Chico,613014.0,06,13014,"Chico city, California",86833.0,29.3,43372.0,24221.0,19368.0,22.304884087846787,6.328239263874334
38,65.0,23.0,92.0,45.0,115.0,California,Chino,613210.0,06,13210,"Chino city, California",79342.0,34.0,71466.0,23866.0,7134.0,8.99145471503113,5.374202818179526
39,65.0,23.0,92.0,45.0,115.0,California,Chino Hills,613214.0,06,13214,"Chino Hills city, California",75551.0,36.7,96497.0,34955.0,4603.0,6.0925732286799645,5.937710950219057
40,62.0,30.0,84.0,47.0,106.0,California,Chula Vista,613392.0,06,13392,"Chula Vista city, California",248048.0,33.7,64801.0,25104.0,29118.0,11.73885699542024,6.011739663290976
41,63.0,23.0,86.0,42.0,108.0,California,Citrus Heights,613588.0,06,13588,"Citrus Heights city, California",84218.0,37.0,52183.0,25023.0,12322.0,14.631076491961338,7.702628891685863
42,68.0,27.0,90.0,47.0,112.0,California,Clovis,614218.0,06,14218,"Clovis city, California",97100.0,33.9,65260.0,27906.0,12711.0,13.090628218331616,5.543769309989702
43,65.0,35.0,88.0,51.0,109.0,California,Compton,615044.0,06,15044,"Compton city, California",97040.0,27.6,42953.0,13548.0,25343.0,26.11603462489695,7.471145919208574
44,58.0,30.0,78.0,45.0,101.0,California,Concord,616000.0,06,16000,"Concord city, California",123658.0,37.1,65798.0,31359.0,14827.0,11.990328163159683,6.052176163289071
45,63.0,20.0,92.0,38.0,110.0,California,Corona,616350.0,06,16350,"Corona city, California",155227.0,32.6,77123.0,26832.0,16722.0,10.772610435040296,5.933890367010894
46,65.0,35.0,85.0,53.0,107.0,California,Costa Mesa,616532.0,06,16532,"Costa Mesa city, California",110871.0,33.8,65830.0,34100.0,16548.0,14.92545390589063,5.723769064949356
47,58.0,34.0,78.0,47.0,98.0,California,Daly City,617918.0,06,17918,"Daly City city, California",102605.0,38.6,74436.0,28827.0,8777.0,8.554164027094195,5.664441304030018
48,65.0,35.0,88.0,51.0,109.0,California,Downey,619766.0,06,19766,"Downey city, California",112334.0,34.0,60939.0,23055.0,13178.0,11.731087649331458,5.2370609076504
49,65.0,30.0,90.0,47.0,113.0,California,El Cajon,621712.0,06,21712,"El Cajon city, California",100590.0,32.4,44112.0,19803.0,26152.0,25.998608211551844,6.641813301521026
50,62.0,22.0,87.0,43.0,109.0,California,Elk Grove,622020.0,06,22020,"Elk Grove city, California",155350.0,33.8,77791.0,28898.0,14711.0,9.469584808496942,5.3685226906984225
51,65.0,36.0,86.0,52.0,112.0,California,El Monte,622230.0,06,22230,"El Monte city, California",114412.0,33.5,39535.0,14735.0,27574.0,24.10061881620809,6.5517603048631265
52,63.0,32.0,80.0,52.0,103.0,California,Escondido,622804.0,06,22804,"Escondido city, California",145859.0,32.7,49362.0,21653.0,26931.0,18.463721813532246,4.762818886733077
53,60.0,18.0,86.0,41.0,109.0,California,Fairfield,623182.0,06,23182,"Fairfield city, California",106533.0,33.0,64702.0,26611.0,14048.0,13.186524363342814,5.2631578947368425
54,62.0,19.0,86.0,40.0,109.0,California,Folsom,624638.0,06,24638,"Folsom city, California",72424.0,37.7,98359.0,37821.0,2973.0,4.104992820059649,4.462609079863029
55,66.0,28.0,91.0,48.0,112.0,California,Fontana,624680.0,06,24680,"Fontana city, California",198692.0,29.1,64354.0,19299.0,30547.0,15.374046262557124,7.598192176836511
56,60.0,1.0,81.0,46.0,105.0,California,Fremont,626000.0,06,26000,"Fremont city, California",218172.0,37.3,101535.0,40190.0,13088.0,5.998936618814513,4.275067378032012
57,68.0,27.0,90.0,47.0,112.0,California,Fresno,627000.0,06,27000,"Fresno city, California",500819.0,29.6,42015.0,19455.0,142471.0,28.44760282657008,7.137508760650055
58,66.0,32.0,90.0,51.0,111.0,California,Fullerton,628000.0,06,28000,"Fullerton city, California",136702.0,34.4,67384.0,29913.0,21438.0,15.68228701847815,5.569779520416673
59,63.0,32.0,86.0,49.0,109.0,California,Garden Grove,629000.0,06,29000,"Garden Grove city, California",172785.0,35.6,59648.0,20849.0,28535.0,16.514743756691843,5.753392944989438
60,66.0,31.0,90.0,49.0,112.0,California,Glendale,630000.0,06,30000,"Glendale city, California",193381.0,40.7,53020.0,29290.0,27239.0,14.085665086021894,5.794261070115471
61,64.0,34.0,83.0,53.0,110.0,California,Hawthorne,632548.0,06,32548,"Hawthorne city, California",85092.0,31.1,44649.0,20162.0,16196.0,19.03351666431627,5.31424810793024
62,58.0,30.0,78.0,45.0,101.0,California,Hayward,633000.0,06,33000,"Hayward city, California",147163.0,33.8,62013.0,25208.0,20931.0,14.223004423666275,7.541297744677671
63,63.0,22.0,90.0,41.0,109.0,California,Hemet,633182.0,06,33182,"Hemet city, California",79986.0,39.6,32774.0,17917.0,18460.0,23.079038831795565,7.438801790313305
64,65.0,12.0,89.0,40.0,112.0,California,Hesperia,633434.0,06,33434,"Hesperia city, California",90804.0,31.1,44158.0,16239.0,22730.0,25.031936919078454,7.757367516849478
65,63.0,32.0,86.0,49.0,109.0,California,Huntington Beach,636000.0,06,36000,"Huntington Beach city, California",193197.0,40.6,81389.0,42196.0,17045.0,8.822600765022232,5.066331257731745
66,74.0,19.0,99.0,48.0,123.0,California,Indio,636448.0,06,36448,"Indio city, California",80167.0,32.2,50068.0,20607.0,17333.0,21.621115920515923,7.398306036149537
67,64.0,34.0,83.0,53.0,110.0,California,Inglewood,636546.0,06,36546,"Inglewood city, California",110585.0,33.0,43394.0,20150.0,24470.0,22.127775014694578,7.4657503278021435
68,65.0,35.0,85.0,53.0,107.0,California,Irvine,636770.0,06,36770,"Irvine city, California",221266.0,34.2,90585.0,43096.0,25971.0,11.737456274348522,3.7538528287219908
69,65.0,35.0,85.0,53.0,107.0,California,Lake Forest,639496.0,06,39496,"Lake Forest city, California",78253.0,38.4,93631.0,39860.0,4646.0,5.937152569230572,3.9180606494319705
70,65.0,35.0,88.0,51.0,109.0,California,Lakewood,639892.0,06,39892,"Lakewood city, California",80511.0,37.7,77786.0,29354.0,6538.0,8.1206294792016,4.73599880761635
71,63.0,9.0,89.0,38.0,111.0,California,Lancaster,640130.0,06,40130,"Lancaster city, California",157368.0,32.3,50193.0,20156.0,32236.0,20.484469523664277,5.248843475166488
72,60.0,24.0,86.0,42.0,109.0,California,Livermore,641992.0,06,41992,"Livermore city, California",82442.0,38.4,99161.0,42213.0,4694.0,5.6936998132020085,3.909415103951869
73,65.0,35.0,88.0,51.0,109.0,California,Long Beach,643000.0,06,43000,"Long Beach city, California",465424.0,33.9,52711.0,27040.0,92847.0,19.948906803258964,6.537479803362095
74,63.0,37.0,82.0,51.0,102.0,California,Los Angeles,644000.0,06,44000,"Los Angeles city, California",3827261.0,34.3,49497.0,27829.0,825131.0,21.55930834087354,6.421014924250006
75,65.0,35.0,88.0,51.0,109.0,California,Lynwood,644574.0,06,44574,"Lynwood city, California",70257.0,27.9,40740.0,12187.0,16951.0,24.127133239392517,5.852797586005665
76,64.0,22.0,87.0,42.0,110.0,California,Manteca,645484.0,06,45484,"Manteca city, California",69168.0,33.0,61458.0,23511.0,7411.0,10.714492250751793,8.182974786028222
77,65.0,21.0,87.0,42.0,109.0,California,Merced,646898.0,06,46898,"Merced city, California",79639.0,28.4,37822.0,16876.0,23629.0,29.670136490915255,7.2703072615175985
78,60.0,25.0,83.0,45.0,107.0,California,Milpitas,647766.0,06,47766,"Milpitas city, California",67695.0,36.8,95466.0,33789.0,4702.0,6.94586010783662,4.728561932195879
79,65.0,35.0,85.0,53.0,107.0,California,Mission Viejo,648256.0,06,48256,"Mission Viejo city, California",94311.0,43.0,96210.0,40909.0,4964.0,5.26343692676358,4.719491893840591
80,65.0,24.0,87.0,44.0,111.0,California,Modesto,648354.0,06,48354,"Modesto city, California",202629.0,33.6,47060.0,22439.0,41546.0,20.50348173262465,7.767397559085817
81,63.0,22.0,90.0,41.0,109.0,California,Moreno Valley,649270.0,06,49270,"Moreno Valley city, California",196234.0,29.2,54918.0,18186.0,38015.0,19.372280033021802,7.44162581407911
82,60.0,1.0,81.0,46.0,105.0,California,Mountain View,649670.0,06,49670,"Mountain View city, California",75477.0,35.8,97338.0,54758.0,6107.0,8.09120659273686,4.54443075373955
83,63.0,22.0,90.0,41.0,109.0,California,Murrieta,650076.0,06,50076,"Murrieta city, California",104584.0,33.1,74496.0,28452.0,7280.0,6.96091180295265,5.923468216935669
84,57.0,19.0,82.0,38.0,105.0,California,Napa,650258.0,06,50258,"Napa city, California",77698.0,37.4,63274.0,30668.0,8507.0,10.948801770959355,5.126258076140956
85,65.0,35.0,85.0,53.0,107.0,California,Newport Beach,651182.0,06,51182,"Newport Beach city, California",86001.0,43.7,106333.0,78494.0,6799.0,7.905722026488064,4.198788386181556
86,66.0,32.0,90.0,51.0,111.0,California,Norwalk,652526.0,06,52526,"Norwalk city, California",105940.0,33.6,60770.0,19449.0,13469.0,12.713800264300547,5.708891825561639
87,58.0,30.0,78.0,45.0,101.0,California,Oakland,653000.0,06,53000,"Oakland city, California",397011.0,36.2,52583.0,31971.0,80274.0,20.21959089294755,6.778653488190503
88,61.0,9.0,81.0,44.0,104.0,California,Oceanside,653322.0,06,53322,"Oceanside city, California",169407.0,35.4,58153.0,26863.0,22398.0,13.221413518921887,4.994480747548803
89,66.0,28.0,91.0,48.0,112.0,California,Ontario,653896.0,06,53896,"Ontario city, California",165702.0,31.0,54249.0,18522.0,29801.0,17.984695417074025,7.359597349458666
90,65.0,35.0,85.0,53.0,107.0,California,Orange,653980.0,06,53980,"Orange city, California",137999.0,35.4,78838.0,31535.0,15623.0,11.321096529684997,4.726121203776839
91,60.0,32.0,79.0,49.0,103.0,California,Oxnard,654652.0,06,54652,"Oxnard city, California",199574.0,30.5,60784.0,20605.0,33038.0,16.554260575024802,5.19757082585908
92,64.0,15.0,89.0,41.0,110.0,California,Palmdale,655156.0,06,55156,"Palmdale city, California",153885.0,29.1,53922.0,18797.0,32318.0,21.001397147220327,6.448321798745817
93,66.0,31.0,90.0,49.0,112.0,California,Pasadena,656000.0,06,56000,"Pasadena city, California",138004.0,37.3,69302.0,41152.0,17904.0,12.973536998927568,5.765050288397438
94,63.0,22.0,90.0,41.0,109.0,California,Perris,656700.0,06,56700,"Perris city, California",69743.0,27.0,48311.0,13666.0,17860.0,25.608304776106564,8.934229958562149
95,60.0,24.0,86.0,42.0,109.0,California,Pleasanton,657792.0,06,57792,"Pleasanton city, California",71488.0,40.1,118317.0,50540.0,3450.0,4.8259847806624885,4.167132945389436
96,65.0,23.0,92.0,45.0,115.0,California,Pomona,658072.0,06,58072,"Pomona city, California",150006.0,29.9,49474.0,17035.0,31533.0,21.021159153633853,5.827766889324427
97,66.0,28.0,91.0,48.0,112.0,California,Rancho Cucamonga,659451.0,06,59451,"Rancho Cucamonga city, California",167743.0,35.2,77835.0,32209.0,11296.0,6.734111110448723,5.957923728560953
98,66.0,16.0,90.0,42.0,114.0,California,Redding,659920.0,06,59920,"Redding city, California",90370.0,38.0,44236.0,23443.0,16070.0,17.782449928073476,5.658957618678765
99,63.0,22.0,90.0,41.0,109.0,California,Redlands,659962.0,06,59962,"Redlands city, California",69277.0,36.2,66835.0,32389.0,8352.0,12.055949304964129,4.206302235951326
100,67.0,34.0,86.0,50.0,109.0,California,Redondo Beach,660018.0,06,60018,"Redondo Beach city, California",67094.0,40.0,99496.0,53689.0,3634.0,5.416281634721436,4.304408739976749
101,60.0,32.0,81.0,47.0,108.0,California,Redwood City,660102.0,06,60102,"Redwood City city, California",78241.0,36.6,79419.0,40562.0,6890.0,8.806124666095782,4.0720338441482085
102,66.0,28.0,91.0,48.0,112.0,California,Rialto,660466.0,06,60466,"Rialto city, California",100479.0,28.4,49593.0,15948.0,19048.0,18.95719503577862,7.73992575563053
103,58.0,30.0,78.0,45.0,101.0,California,Richmond,660620.0,06,60620,"Richmond city, California",105280.0,34.8,54589.0,25722.0,19266.0,18.299772036474163,6.06667933130699
104,67.0,30.0,92.0,48.0,113.0,California,Riverside,662000.0,06,62000,"Riverside city, California",309150.0,30.4,55636.0,22182.0,57144.0,18.484230955846677,6.860747210092188
105,63.0,23.0,86.0,42.0,108.0,California,Roseville,662938.0,06,62938,"Roseville city, California",122039.0,37.1,74114.0,33622.0,10018.0,8.208851268856677,4.837797753177263
106,62.0,22.0,87.0,43.0,109.0,California,Sacramento,664000.0,06,64000,"Sacramento city, California",471477.0,33.7,49753.0,25508.0,101466.0,21.52088012776869,7.246164712170477
107,56.0,28.0,76.0,44.0,101.0,California,Salinas,664224.0,06,64224,"Salinas city, California",152340.0,28.8,49264.0,17396.0,31514.0,20.686622029670474,5.385978731784167
108,67.0,30.0,92.0,48.0,113.0,California,San Bernardino,665000.0,06,65000,"San Bernardino city, California",211528.0,29.2,38385.0,14879.0,66825.0,31.59156234635604,7.488370333951061
109,63.0,35.0,85.0,50.0,107.0,California,San Diego,666000.0,06,66000,"San Diego city, California",1322838.0,33.7,64058.0,33152.0,200777.0,15.177746632618657,4.985342120501528
110,58.0,34.0,78.0,47.0,98.0,California,San Francisco,667000.0,06,67000,"San Francisco city, California",817501.0,38.5,75604.0,48486.0,108306.0,13.248424160949039,5.033388338362889
111,64.0,27.0,85.0,46.0,108.0,California,San Jose,668000.0,06,68000,"San Jose city, California",968903.0,35.6,81829.0,34025.0,117443.0,12.121234014137638,5.704079768563004
112,58.0,30.0,78.0,45.0,101.0,California,San Leandro,668084.0,06,68084,"San Leandro city, California",86038.0,39.9,63055.0,28801.0,8555.0,9.943280875892048,6.081033961737837
113,63.0,32.0,80.0,52.0,103.0,California,San Marcos,668196.0,06,68196,"San Marcos city, California",85322.0,34.5,53657.0,24484.0,12342.0,14.465202409695038,3.545392747474274
114,60.0,32.0,81.0,47.0,108.0,California,San Mateo,668252.0,06,68252,"San Mateo city, California",98601.0,39.2,85669.0,45202.0,6899.0,6.996886441313983,4.505025304003002
115,60.0,24.0,86.0,42.0,109.0,California,San Ramon,668378.0,06,68378,"San Ramon city, California",72707.0,37.4,127313.0,51091.0,2767.0,3.8056858349264857,3.7699258668353806
116,65.0,35.0,85.0,53.0,107.0,California,Santa Ana,669000.0,06,69000,"Santa Ana city, California",328719.0,29.2,53335.0,16374.0,68903.0,20.961064009077663,5.32734645700431
117,60.0,29.0,81.0,44.0,101.0,California,Santa Barbara,669070.0,06,69070,"Santa Barbara city, California",89062.0,36.1,65034.0,37225.0,12343.0,13.858884821809525,4.314971592822977
118,60.0,25.0,83.0,45.0,107.0,California,Santa Clara,669084.0,06,69084,"Santa Clara city, California",117817.0,34.4,91583.0,39966.0,10319.0,8.758498349134674,4.692871147627252
119,71.0,34.0,93.0,51.0,113.0,California,Santa Clarita,669088.0,06,69088,"Santa Clarita city, California",177366.0,36.4,82607.0,33818.0,16538.0,9.324222229739634,5.701769222962687
120,57.0,26.0,82.0,42.0,105.0,California,Santa Maria,669196.0,06,69196,"Santa Maria city, California",100152.0,28.9,50563.0,18560.0,20448.0,20.416966211358734,5.410775621055995
121,63.0,37.0,82.0,51.0,102.0,California,Santa Monica,670000.0,06,70000,"Santa Monica city, California",90752.0,40.2,73649.0,57390.0,10026.0,11.047690409026798,6.03182299012694
122,57.0,21.0,85.0,38.0,109.0,California,Santa Rosa,670098.0,06,70098,"Santa Rosa city, California",169005.0,36.7,60354.0,29688.0,22423.0,13.267654803112334,5.9524866128221054
123,66.0,30.0,91.0,49.0,111.0,California,Simi Valley,672016.0,06,72016,"Simi Valley city, California",124803.0,38.1,87269.0,36516.0,8205.0,6.574361193240547,4.7082201549642235
124,65.0,36.0,86.0,52.0,112.0,California,South Gate,673080.0,06,73080,"South Gate city, California",95000.0,30.3,42776.0,14259.0,19954.0,21.004210526315788,6.996842105263158
125,64.0,22.0,87.0,42.0,110.0,California,Stockton,675000.0,06,75000,"Stockton city, California",294406.0,31.0,46831.0,19896.0,70269.0,23.868059754216965,7.833739801498611
126,60.0,1.0,81.0,46.0,105.0,California,Sunnyvale,677000.0,06,77000,"Sunnyvale city, California",143315.0,35.2,100043.0,45977.0,11586.0,8.084289851027457,4.853644070753236
127,61.0,25.0,85.0,42.0,108.0,California,Temecula,678120.0,06,78120,"Temecula city, California",102605.0,33.3,78356.0,28018.0,8697.0,8.476195117197017,5.256079138443545
128,62.0,32.0,83.0,47.0,104.0,California,Thousand Oaks,678582.0,06,78582,"Thousand Oaks city, California",127356.0,41.7,100476.0,45522.0,8586.0,6.741731838311504,4.956971010396055
129,67.0,34.0,86.0,50.0,109.0,California,Torrance,680000.0,06,80000,"Torrance city, California",146187.0,41.8,77061.0,36234.0,10711.0,7.3269168941150715,4.306128451914329
130,63.0,22.0,87.0,42.0,110.0,California,Tracy,680238.0,06,80238,"Tracy city, California",83452.0,32.7,76098.0,26652.0,6770.0,8.112447874227101,7.00762114748598
131,65.0,24.0,87.0,44.0,111.0,California,Turlock,680812.0,06,80812,"Turlock city, California",69185.0,33.3,53270.0,23199.0,11764.0,17.003685770036856,7.390330273903302
132,65.0,35.0,85.0,53.0,107.0,California,Tustin,680854.0,06,80854,"Tustin city, California",76497.0,33.3,73194.0,31524.0,9312.0,12.17302639319189,4.828947540426422
133,61.0,28.0,81.0,45.0,108.0,California,Union City,681204.0,06,81204,"Union City city, California",70687.0,36.5,82083.0,29685.0,5905.0,8.353728408335337,4.832571760012449
134,66.0,28.0,91.0,48.0,112.0,California,Upland,681344.0,06,81344,"Upland city, California",74487.0,36.5,62667.0,28604.0,9962.0,13.374145824103534,5.578154577308792
135,63.0,21.0,88.0,42.0,112.0,California,Vacaville,681554.0,06,81554,"Vacaville city, California",93137.0,37.5,73582.0,29681.0,8382.0,8.999645683240818,4.664096975423301
136,57.0,19.0,82.0,38.0,105.0,California,Vallejo,681666.0,06,81666,"Vallejo city, California",117079.0,38.5,58371.0,25996.0,20242.0,17.28918080953886,8.254255673519589
137,65.0,12.0,88.0,39.0,110.0,California,Victorville,682590.0,06,82590,"Victorville city, California",117551.0,29.0,50034.0,16477.0,28417.0,24.174188224685455,5.936997558506521
138,66.0,23.0,88.0,44.0,109.0,California,Visalia,682954.0,06,82954,"Visalia city, California",125502.0,31.2,52899.0,23144.0,23784.0,18.951092412869915,5.594333158037322
139,63.0,32.0,80.0,52.0,103.0,California,Vista,682996.0,06,82996,"Vista city, California",95066.0,33.9,47346.0,21114.0,14917.0,15.691204005638188,4.079271243136348
140,66.0,32.0,90.0,51.0,111.0,California,West Covina,684200.0,06,84200,"West Covina city, California",106731.0,35.7,67088.0,24859.0,10590.0,9.922140708884953,7.179732224002398
141,63.0,32.0,86.0,49.0,109.0,California,Westminster,684550.0,06,84550,"Westminster city, California",90625.0,39.0,52633.0,22950.0,15083.0,16.643310344827587,6.247724137931034
142,66.0,32.0,90.0,51.0,111.0,California,Whittier,685292.0,06,85292,"Whittier city, California",85832.0,34.9,68522.0,28149.0,10466.0,12.193587473203467,4.590362568738932
143,52.0,-13.0,78.0,28.0,104.0,Colorado,Arvada,803455.0,08,03455,"Arvada city, Colorado",108300.0,40.0,68210.0,33204.0,9167.0,8.464450600184673,4.331486611265005
144,49.0,-17.0,78.0,25.0,102.0,Colorado,Aurora,804000.0,08,04000,"Aurora city, Colorado",332820.0,33.3,50987.0,24173.0,55124.0,16.562706568114898,5.770386395048375
145,52.0,-13.0,78.0,27.0,104.0,Colorado,Boulder,807850.0,08,07850,"Boulder city, Colorado",100363.0,28.1,56312.0,37286.0,20908.0,20.83237846616781,4.59930452457579
146,50.0,-17.0,77.0,25.0,100.0,Colorado,Centennial,812815.0,08,12815,"Centennial city, Colorado",102625.0,41.1,89214.0,41323.0,5287.0,5.151766138855055,3.6989037758830694
147,50.0,-15.0,77.0,25.0,100.0,Colorado,Colorado Springs,816000.0,08,16000,"Colorado Springs city, Colorado",425805.0,34.6,53962.0,29062.0,57453.0,13.492795998168175,4.98819882340508
148,49.0,-17.0,78.0,25.0,102.0,Colorado,Denver,820000.0,08,20000,"Denver city, Colorado",619297.0,33.8,50313.0,33251.0,116284.0,18.77677431022595,4.978871203961912
149,50.0,-18.0,79.0,24.0,103.0,Colorado,Fort Collins,827425.0,08,27425,"Fort Collins city, Colorado",146822.0,29.5,53780.0,28729.0,25921.0,17.654711146830856,4.700930378281184
150,49.0,-32.0,79.0,21.0,106.0,Colorado,Greeley,832155.0,08,32155,"Greeley city, Colorado",94194.0,30.5,46272.0,21845.0,20314.0,21.56612947746141,5.173365607151198
151,52.0,-13.0,78.0,28.0,104.0,Colorado,Lakewood,843000.0,08,43000,"Lakewood city, Colorado",144530.0,38.8,56492.0,31094.0,17969.0,12.4327129315713,5.074379021656403
152,52.0,-13.0,78.0,27.0,104.0,Colorado,Longmont,845970.0,08,45970,"Longmont city, Colorado",87607.0,36.0,58698.0,29209.0,12811.0,14.623260698346023,4.587532959695001
153,50.0,-18.0,79.0,24.0,103.0,Colorado,Loveland,846465.0,08,46465,"Loveland city, Colorado",68712.0,37.7,54977.0,27878.0,7135.0,10.38392129467924,4.648387472348353
154,53.0,-20.0,84.0,25.0,107.0,Colorado,Pueblo,862000.0,08,62000,"Pueblo city, Colorado",107429.0,37.7,34663.0,20042.0,24612.0,22.91001498664234,5.894125422371985
155,52.0,-13.0,78.0,28.0,104.0,Colorado,Thornton,877290.0,08,77290,"Thornton city, Colorado",121814.0,32.0,64525.0,26228.0,11369.0,9.33308158339764,4.245817393731427
156,52.0,-13.0,78.0,27.0,104.0,Colorado,Westminster,883835.0,08,83835,"Westminster city, Colorado",108042.0,35.3,64884.0,31145.0,11360.0,10.514429573684309,4.997130745450844
157,53.0,-2.0,74.0,35.0,103.0,Connecticut,Bridgeport,908000.0,09,08000,"Bridgeport city, Connecticut",145587.0,32.3,41050.0,20132.0,33015.0,22.67716210925426,8.252110421947014
158,49.0,-14.0,74.0,28.0,97.0,Connecticut,Danbury,918430.0,09,18430,"Danbury city, Connecticut",81967.0,36.3,64969.0,30770.0,8293.0,10.117486305464395,5.357033928288214
159,51.0,-8.0,75.0,31.0,103.0,Connecticut,Hartford,937000.0,09,37000,"Hartford city, Connecticut",125130.0,30.1,29430.0,16619.0,39452.0,31.528810037560937,9.653959881723008
160,51.0,-8.0,75.0,31.0,103.0,Connecticut,New Britain,950370.0,09,50370,"New Britain city, Connecticut",73112.0,33.8,40294.0,20655.0,15658.0,21.416456942772733,7.693675456833351
161,52.0,-3.0,72.0,33.0,100.0,Connecticut,New Haven,952000.0,09,52000,"New Haven city, Connecticut",130338.0,30.4,37428.0,23339.0,32135.0,24.65512743789225,7.412266568460464
162,53.0,-2.0,74.0,35.0,103.0,Connecticut,Norwalk,955990.0,09,55990,"Norwalk city, Connecticut",86499.0,41.3,74728.0,43767.0,8343.0,9.645198210383935,5.827813038301021
163,51.0,-1.0,74.0,33.0,99.0,Connecticut,Stamford,973000.0,09,73000,"Stamford city, Connecticut",123995.0,36.3,76779.0,43647.0,13695.0,11.044800193556192,6.54703818702367
164,49.0,-9.0,72.0,29.0,97.0,Connecticut,Waterbury,980000.0,09,80000,"Waterbury city, Connecticut",110052.0,35.1,40639.0,21120.0,25247.0,22.94097335804892,6.7695271326282125
165,56.0,3.0,79.0,37.0,103.0,Delaware,Wilmington,1077580.0,10,77580,"Wilmington city, Delaware",71143.0,34.4,38727.0,25191.0,16381.0,23.025455772177164,6.783520515019046
166,58.0,5.0,81.0,41.0,105.0,District of Columbia,Washington,1150000.0,11,50000,"Washington city, District of Columbia",619371.0,33.8,65830.0,45290.0,109200.0,17.630789946574833,6.295741970482958
167,77.0,32.0,89.0,60.0,102.0,Florida,Boca Raton,1207300.0,12,07300,"Boca Raton city, Florida",86671.0,45.8,70699.0,47521.0,9304.0,10.734847872990965,5.099745012749363
168,75.0,32.0,89.0,59.0,98.0,Florida,Boynton Beach,1207875.0,12,07875,"Boynton Beach city, Florida",69257.0,43.3,44390.0,26145.0,12176.0,17.5808943500296,7.711855841286801
169,73.0,30.0,90.0,58.0,97.0,Florida,Cape Coral,1210275.0,12,10275,"Cape Coral city, Florida",158415.0,42.6,49170.0,23270.0,22129.0,13.969005460341508,7.142631695230881
170,72.0,30.0,88.0,58.0,97.0,Florida,Clearwater,1212875.0,12,12875,"Clearwater city, Florida",108551.0,44.5,42158.0,28180.0,17507.0,16.12790301333014,4.790375031091377
171,76.0,34.0,89.0,61.0,99.0,Florida,Coral Springs,1214400.0,12,14400,"Coral Springs city, Florida",123476.0,36.5,64753.0,29743.0,11984.0,9.705529819560077,6.845054909456088
172,75.0,34.0,90.0,61.0,117.0,Florida,Davie,1216475.0,12,16475,"Davie town, Florida",93842.0,37.9,59345.0,30790.0,11341.0,12.08520705014812,5.349417105347285
173,77.0,32.0,89.0,60.0,102.0,Florida,Deerfield Beach,1216725.0,12,16725,"Deerfield Beach city, Florida",76330.0,43.6,38353.0,23510.0,14381.0,18.840560723175685,5.637364077033932
174,70.0,25.0,89.0,54.0,100.0,Florida,Deltona,1217200.0,12,17200,"Deltona city, Florida",85415.0,38.0,47049.0,19893.0,12159.0,14.23520458935784,5.597377509805069
175,76.0,34.0,89.0,61.0,99.0,Florida,Fort Lauderdale,1224000.0,12,24000,"Fort Lauderdale city, Florida",168603.0,42.3,49119.0,35605.0,34269.0,20.325261116350244,6.839735947758936
176,68.0,17.0,87.0,48.0,99.0,Florida,Gainesville,1225175.0,12,25175,"Gainesville city, Florida",125845.0,25.0,32492.0,19616.0,38991.0,30.983352536850887,4.840875680400493
177,75.0,33.0,89.0,61.0,108.0,Florida,Hialeah,1230000.0,12,30000,"Hialeah city, Florida",228943.0,42.6,29961.0,14321.0,55681.0,24.320900835579163,6.6536212070253296
178,75.0,34.0,89.0,61.0,117.0,Florida,Hollywood,1232000.0,12,32000,"Hollywood city, Florida",143273.0,41.7,45585.0,26069.0,21942.0,15.314818563162634,7.18558276856072
179,71.0,24.0,88.0,55.0,102.0,Florida,Jacksonville,1235000.0,12,35000,"Jacksonville city, Florida",829721.0,35.5,47557.0,25374.0,140150.0,16.891220060719206,6.1636381386032175
180,71.0,27.0,89.0,54.0,102.0,Florida,Lakeland,1238250.0,12,38250,"Lakeland city, Florida",98970.0,40.3,39513.0,22921.0,18223.0,18.412650298070123,6.15641103364656
181,72.0,30.0,88.0,58.0,97.0,Florida,Largo,1239425.0,12,39425,"Largo city, Florida",77898.0,47.7,39735.0,26364.0,11516.0,14.783434748003799,6.3326401191301445
182,76.0,34.0,89.0,61.0,99.0,Florida,Lauderhill,1239550.0,12,39550,"Lauderhill city, Florida",68216.0,35.3,37074.0,18557.0,15552.0,22.79817051718072,8.74428286618975
183,73.0,30.0,87.0,60.0,99.0,Florida,Melbourne,1243975.0,12,43975,"Melbourne city, Florida",76768.0,44.8,40662.0,24502.0,11548.0,15.042726135889954,6.6681429762401
184,76.0,36.0,89.0,62.0,98.0,Florida,Miami,1245000.0,12,45000,"Miami city, Florida",407526.0,39.0,30375.0,21120.0,119610.0,29.35027458370754,6.755397201650938
185,76.0,36.0,89.0,62.0,98.0,Florida,Miami Beach,1245025.0,12,45025,"Miami Beach city, Florida",89412.0,39.3,43316.0,42085.0,14944.0,16.71364022726256,3.4178857424059412
186,75.0,34.0,90.0,61.0,117.0,Florida,Miami Gardens,1245060.0,12,45060,"Miami Gardens city, Florida",109150.0,33.6,42040.0,16627.0,22878.0,20.960146587265232,8.091617040769583
187,75.0,34.0,90.0,61.0,117.0,Florida,Miramar,1245975.0,12,45975,"Miramar city, Florida",124900.0,33.9,62649.0,24901.0,11903.0,9.530024019215372,6.495596477181746
188,71.0,28.0,89.0,57.0,99.0,Florida,Orlando,1253000.0,12,53000,"Orlando city, Florida",244931.0,32.8,42147.0,25805.0,46177.0,18.85306474068207,6.76721199031564
189,73.0,30.0,87.0,60.0,99.0,Florida,Palm Bay,1254000.0,12,54000,"Palm Bay city, Florida",103602.0,40.2,43076.0,20467.0,18989.0,18.328796741375648,6.345437346769367
190,73.0,25.0,88.0,50.0,99.0,Florida,Palm Coast,1254200.0,12,54200,"Palm Coast city, Florida",76455.0,46.1,47099.0,22651.0,13363.0,17.47825518278726,4.910077823556341
191,75.0,34.0,90.0,61.0,117.0,Florida,Pembroke Pines,1255775.0,12,55775,"Pembroke Pines city, Florida",157324.0,39.9,62116.0,28539.0,12884.0,8.189468866797183,5.519183341384658
192,76.0,34.0,89.0,61.0,99.0,Florida,Plantation,1257425.0,12,57425,"Plantation city, Florida",86999.0,40.8,65567.0,35163.0,7866.0,9.041483235439488,4.7230427935953285
193,76.0,34.0,88.0,61.0,102.0,Florida,Pompano Beach,1258050.0,12,58050,"Pompano Beach city, Florida",101749.0,42.4,40221.0,25559.0,22105.0,21.725029238616596,7.048717923517676
194,75.0,23.0,88.0,59.0,102.0,Florida,Port St. Lucie,1258715.0,12,58715,"Port St. Lucie city, Florida",166641.0,39.7,48962.0,22810.0,26759.0,16.057872912428515,7.565365066220198
195,74.0,33.0,87.0,62.0,98.0,Florida,St. Petersburg,1263000.0,12,63000,"St. Petersburg city, Florida",246642.0,41.8,45044.0,27972.0,40714.0,16.50732640831651,6.108448682706109
196,67.0,14.0,88.0,46.0,103.0,Florida,Tallahassee,1270600.0,12,70600,"Tallahassee city, Florida",183638.0,26.1,39524.0,23778.0,51478.0,28.032324464435465,7.238153323386228
197,73.0,25.0,88.0,57.0,99.0,Florida,Tampa,1271000.0,12,71000,"Tampa city, Florida",343768.0,34.8,43242.0,29009.0,71191.0,20.709024691070724,6.519804053896814
198,75.0,32.0,89.0,59.0,98.0,Florida,West Palm Beach,1276600.0,12,76600,"West Palm Beach city, Florida",100778.0,39.9,44897.0,29955.0,19025.0,18.878128162892693,5.93581932564647
199,65.0,16.0,87.0,46.0,104.0,Georgia,Albany,1301052.0,13,01052,"Albany city, Georgia",77196.0,31.6,28717.0,16731.0,25305.0,32.78019586507073,7.979688066739209
200,60.0,7.0,84.0,41.0,108.0,Georgia,Athens,1303440.0,13,03440,"Athens-Clarke County unified government (balance), Georgia",117749.0,26.1,32853.0,19199.0,39552.0,33.59009418339009,4.410228536972713
201,61.0,10.0,82.0,41.0,103.0,Georgia,Atlanta,1304000.0,13,04000,"Atlanta city, Georgia",432589.0,33.2,46631.0,35890.0,101369.0,23.433097004315876,7.178638384240006
202,62.0,10.0,87.0,41.0,106.0,Georgia,Augusta,1304204.0,13,04204,"Augusta-Richmond County consolidated government (balance), Georgia",196395.0,33.1,37560.0,20555.0,47815.0,24.34634282950177,5.82601390055755
203,65.0,16.0,85.0,46.0,104.0,Georgia,Columbus,1319000.0,13,19000,"Columbus city, Georgia",194949.0,33.3,41339.0,22856.0,35819.0,18.373523331743172,5.155194435467738
204,60.0,9.0,82.0,41.0,104.0,Georgia,Johns Creek,1342425.0,13,42425,"Johns Creek city, Georgia",79352.0,37.9,109224.0,43790.0,3925.0,4.946315152737171,3.8070874080048394
205,62.0,11.0,86.0,41.0,106.0,Georgia,Macon,1349000.0,13,49000,"Macon city, Georgia",91316.0,33.2,25773.0,16051.0,30230.0,33.10482281308862,6.757851855096588
206,60.0,9.0,82.0,41.0,104.0,Georgia,Roswell,1367284.0,13,67284,"Roswell city, Georgia",90959.0,38.9,79579.0,41875.0,8170.0,8.982068844204532,4.244769621477809
207,60.0,9.0,82.0,41.0,104.0,Georgia,Sandy Springs,1368516.0,13,68516,"Sandy Springs city, Georgia",96584.0,35.2,63134.0,49964.0,11935.0,12.357119191584527,4.401350120102708
208,65.0,18.0,86.0,47.0,99.0,Georgia,Savannah,1369000.0,13,69000,"Savannah city, Georgia",139620.0,31.6,35838.0,19900.0,34417.0,24.65047987394356,5.757771092966624
209,63.0,15.0,86.0,44.0,107.0,Georgia,Warner Robins,1380508.0,13,80508,"Warner Robins city, Georgia",69695.0,31.1,44964.0,21194.0,14112.0,20.24822440634192,5.779467680608365
210,79.0,55.0,87.0,68.0,93.0,Hawaii,Honolulu,287601.0,,,,,,,,,,
211,55.0,-11.0,78.0,31.0,110.0,Idaho,Boise City,1608830.0,16,08830,"Boise City city, Idaho",209726.0,35.8,48524.0,27978.0,32129.0,15.319512125344497,4.832018919924091
212,55.0,-11.0,78.0,31.0,110.0,Idaho,Meridian,1652120.0,16,52120,"Meridian city, Idaho",78061.0,33.4,63571.0,26377.0,6492.0,8.31657293654962,4.413215305978658
213,53.0,-19.0,77.0,29.0,109.0,Idaho,Nampa,1656260.0,16,56260,"Nampa city, Idaho",83140.0,30.3,40244.0,16813.0,19398.0,23.331729612701466,5.580947798893432
214,50.0,-21.0,74.0,29.0,103.0,Illinois,Arlington Heights,1702154.0,17,02154,"Arlington Heights village, Illinois",75492.0,41.9,77195.0,40189.0,3143.0,4.163355057489535,3.8083505537010542
215,48.0,-25.0,73.0,25.0,98.0,Illinois,Aurora,1703012.0,17,03012,"Aurora city, Illinois",198726.0,31.5,62493.0,26221.0,27731.0,13.954389460865714,5.6177852923120275
216,51.0,-21.0,75.0,29.0,100.0,Illinois,Bloomington,1706613.0,17,06613,"Bloomington city, Illinois",77293.0,33.8,61664.0,33267.0,8923.0,11.544383061855537,3.832171089231884
217,50.0,-23.0,74.0,27.0,97.0,Illinois,Bolingbrook,1707133.0,17,07133,"Bolingbrook village, Illinois",73799.0,33.5,80421.0,27746.0,6192.0,8.390357592921314,4.977032209108525
218,51.0,-16.0,76.0,28.0,100.0,Illinois,Champaign,1712385.0,17,12385,"Champaign city, Illinois",81925.0,26.7,40884.0,24733.0,19555.0,23.869392737259687,4.172108635947513
219,52.0,-22.0,75.0,31.0,102.0,Illinois,Chicago,1714000.0,17,14000,"Chicago city, Illinois",2706101.0,33.3,47270.0,28436.0,601378.0,22.223043411905174,7.18720402527474
220,52.0,-22.0,75.0,31.0,102.0,Illinois,Cicero,1714351.0,17,14351,"Cicero town, Illinois",83930.0,28.1,44177.0,14745.0,16422.0,19.566305254378648,6.604313118074586
221,53.0,-16.0,77.0,30.0,104.0,Illinois,Decatur,1718823.0,17,18823,"Decatur city, Illinois",75982.0,38.9,39514.0,23130.0,16737.0,22.027585480771762,6.5397067726566815
222,49.0,-24.0,73.0,26.0,99.0,Illinois,Elgin,1723074.0,17,23074,"Elgin city, Illinois",109825.0,32.7,58675.0,23453.0,14833.0,13.50603232415206,5.587980878670613
223,50.0,-21.0,74.0,29.0,103.0,Illinois,Evanston,1724582.0,17,24582,"Evanston city, Illinois",74937.0,34.6,67038.0,41284.0,8829.0,11.781896793306377,4.519796629168502
224,51.0,-21.0,75.0,27.0,100.0,Illinois,Joliet,1738570.0,17,38570,"Joliet city, Illinois",147459.0,32.4,61744.0,24118.0,17490.0,11.860924053465709,6.205792796641778
225,50.0,-23.0,74.0,27.0,97.0,Illinois,Naperville,1751622.0,17,51622,"Naperville city, Illinois",143223.0,38.2,108302.0,46064.0,5790.0,4.042646781592342,3.852733150401821
226,50.0,-21.0,74.0,29.0,103.0,Illinois,Palatine,1757225.0,17,57225,"Palatine village, Illinois",68738.0,36.5,72818.0,35407.0,6568.0,9.555122348628124,4.354214553813029
227,52.0,-20.0,77.0,29.0,104.0,Illinois,Peoria,1759000.0,17,59000,"Peoria city, Illinois",115466.0,33.3,45270.0,27781.0,24975.0,21.629743820691804,5.002338350683318
228,49.0,-25.0,74.0,26.0,102.0,Illinois,Rockford,1765000.0,17,65000,"Rockford city, Illinois",152138.0,35.8,38067.0,21570.0,37857.0,24.883329608644782,7.398546056869421
229,50.0,-23.0,75.0,29.0,103.0,Illinois,Schaumburg,1768003.0,17,68003,"Schaumburg village, Illinois",74292.0,37.3,70798.0,35433.0,4492.0,6.046411457492058,4.408280837775266
230,53.0,-14.0,78.0,30.0,103.0,Illinois,Springfield,1772000.0,17,72000,"Springfield city, Illinois",116495.0,38.4,49317.0,29016.0,19972.0,17.144083437057386,4.934117344092021
231,47.0,-23.0,72.0,26.0,104.0,Illinois,Waukegan,1779293.0,17,79293,"Waukegan city, Illinois",88560.0,30.8,46469.0,20226.0,16637.0,18.78613369467028,6.170957542908763
232,52.0,-16.0,77.0,29.0,103.0,Indiana,Bloomington,1805860.0,18,05860,"Bloomington city, Indiana",81115.0,23.3,27395.0,18987.0,26237.0,32.34543549281884,3.996794674227948
233,53.0,-13.0,76.0,31.0,102.0,Indiana,Carmel,1810342.0,18,10342,"Carmel city, Indiana",81756.0,38.7,106121.0,51767.0,2904.0,3.552032878320857,2.8438279759283724
234,56.0,-3.0,80.0,34.0,107.0,Indiana,Evansville,1822000.0,18,22000,"Evansville city, Indiana",119677.0,36.3,35839.0,20984.0,23230.0,19.410580144889995,4.216349006074684
235,53.0,-13.0,76.0,31.0,102.0,Indiana,Fishers,1823278.0,18,23278,"Fishers town, Indiana",78927.0,33.8,90437.0,38577.0,2617.0,3.3157221229743943,2.720235154003066
236,50.0,-15.0,75.0,28.0,103.0,Indiana,Fort Wayne,1825000.0,18,25000,"Fort Wayne city, Indiana",254435.0,34.7,43969.0,23400.0,46591.0,18.311553048912295,5.54051132902313
237,52.0,-20.0,76.0,30.0,100.0,Indiana,Gary,1827000.0,18,27000,"Gary city, Indiana",79922.0,37.9,26885.0,15931.0,30163.0,37.74054703335752,7.956507594905032
238,52.0,-20.0,76.0,30.0,100.0,Indiana,Hammond,1831000.0,18,31000,"Hammond city, Indiana",80122.0,33.2,38365.0,17920.0,18143.0,22.644217568208482,6.411472504430743
239,53.0,-14.0,77.0,31.0,105.0,Indiana,Indianapolis,1836003.0,18,36003,"Indianapolis city (balance), Indiana",828841.0,33.8,41962.0,24012.0,169696.0,20.47389064971448,6.281421889119867
240,51.0,-18.0,75.0,28.0,101.0,Indiana,Lafayette,1840788.0,18,40788,"Lafayette city, Indiana",69181.0,31.3,39345.0,21646.0,13341.0,19.284196527948424,5.481273760136454
241,52.0,-13.0,76.0,29.0,97.0,Indiana,Muncie,1851876.0,18,51876,"Muncie city, Indiana",69989.0,27.7,29287.0,17066.0,20847.0,29.786109245738615,7.391161468230722
242,49.0,-20.0,74.0,27.0,100.0,Indiana,South Bend,1871000.0,18,71000,"South Bend city, Indiana",100863.0,33.9,34502.0,19181.0,27504.0,27.268671366110468,7.546870507520102
243,48.0,-25.0,73.0,24.0,102.0,Iowa,Cedar Rapids,1912000.0,19,12000,"Cedar Rapids city, Iowa",127420.0,35.6,52216.0,28458.0,14688.0,11.527232773504945,3.490032961858421
244,50.0,-26.0,76.0,24.0,100.0,Iowa,Davenport,1919000.0,19,19000,"Davenport city, Iowa",100564.0,34.9,44817.0,24499.0,17629.0,17.53013006642536,3.501252933455312
245,52.0,-20.0,78.0,28.0,105.0,Iowa,Des Moines,1921000.0,19,21000,"Des Moines city, Iowa",205415.0,33.5,45836.0,23928.0,36942.0,17.98408100674245,4.6909914076381956
246,50.0,-24.0,74.0,26.0,105.0,Iowa,Iowa City,1938595.0,19,38595,"Iowa City city, Iowa",69314.0,25.6,41410.0,25671.0,17618.0,25.417664541073954,3.1869463600427044
247,49.0,-24.0,77.0,22.0,104.0,Iowa,Sioux City,1973335.0,19,73335,"Sioux City city, Iowa",82602.0,34.4,43449.0,22143.0,13512.0,16.357957434444685,3.210576015108593
248,47.0,-26.0,73.0,21.0,103.0,Iowa,Waterloo,1982425.0,19,82425,"Waterloo city, Iowa",68327.0,35.5,40498.0,22010.0,13155.0,19.253003936950254,5.104863377581337
249,57.0,-7.0,81.0,35.0,105.0,Kansas,Kansas City,2036000.0,20,36000,"Kansas City city, Kansas",146581.0,33.0,38293.0,18574.0,36466.0,24.87771266398783,6.700049801816061
250,54.0,-15.0,81.0,28.0,107.0,Kansas,Lawrence,2038900.0,20,38900,"Lawrence city, Kansas",88921.0,26.2,45574.0,25322.0,17947.0,20.18308386095523,4.246465964170444
251,55.0,-9.0,79.0,32.0,103.0,Kansas,Overland Park,2053775.0,20,53775,"Overland Park city, Kansas",176520.0,37.8,71094.0,39701.0,10184.0,5.769317924314525,2.918082936777702
252,55.0,-9.0,83.0,31.0,109.0,Kansas,Topeka,2071000.0,20,71000,"Topeka city, Kansas",127625.0,35.9,40826.0,23641.0,26217.0,20.542213516160626,4.673065621939275
253,57.0,-15.0,84.0,33.0,109.0,Kansas,Wichita,2079000.0,20,79000,"Wichita city, Kansas",383703.0,34.0,46011.0,24766.0,66412.0,17.308178460945054,4.90535648665765
254,55.0,-7.0,79.0,32.0,105.0,Kentucky,Lexington,2146027.0,21,46027,"Lexington-Fayette urban county, Kentucky",300843.0,33.9,48398.0,29251.0,54459.0,18.10213300625243,4.541239118078201
255,58.0,-3.0,81.0,37.0,104.0,Kentucky,Louisville,2148006.0,21,48006,"Louisville/Jefferson County metro government (balance), Kentucky",601611.0,37.4,44159.0,26098.0,108300.0,18.001665528057167,5.748398882334266
256,67.0,19.0,87.0,46.0,106.0,Louisiana,Baton Rouge,2205000.0,22,05000,"Baton Rouge city, Louisiana",229400.0,30.6,38593.0,23949.0,55941.0,24.385789014821274,5.219703574542284
257,69.0,21.0,87.0,52.0,101.0,Louisiana,Kenner,2239475.0,22,39475,"Kenner city, Louisiana",66820.0,38.6,48750.0,26074.0,9809.0,14.679736605806644,4.781502544148458
258,68.0,19.0,86.0,49.0,101.0,Louisiana,Lafayette,2240735.0,22,40735,"Lafayette city, Louisiana",122009.0,34.2,46288.0,28451.0,23045.0,18.887950888868854,3.4636789089329474
259,67.0,19.0,86.0,48.0,102.0,Louisiana,Lake Charles,2241155.0,22,41155,"Lake Charles city, Louisiana",72826.0,35.1,35981.0,23447.0,15073.0,20.697278444511575,5.543349902507346
260,70.0,23.0,85.0,56.0,99.0,Louisiana,New Orleans,2255000.0,22,55000,"New Orleans city, Louisiana",357013.0,35.0,37146.0,26500.0,94602.0,26.498194743608778,6.07008708366362
261,66.0,16.0,88.0,44.0,108.0,Louisiana,Shreveport,2270000.0,22,70000,"Shreveport city, Louisiana",200715.0,34.6,38633.0,23995.0,42203.0,21.026330867149937,4.22140846473856
262,46.0,-17.0,72.0,26.0,100.0,Maine,Portland,2360545.0,23,60545,"Portland city, Maine",66227.0,37.0,44458.0,28913.0,13350.0,20.15794162501699,4.523834689779093
263,58.0,1.0,80.0,41.0,107.0,Maryland,Baltimore,2404000.0,24,04000,"Baltimore city, Maryland",621445.0,34.5,41385.0,24750.0,142162.0,22.87603890931619,6.9951484041226495
264,51.0,-6.0,76.0,34.0,103.0,Massachusetts,Boston,2507000.0,25,07000,"Boston city, Massachusetts",629182.0,31.1,53601.0,33964.0,126226.0,20.061921669723546,6.221093419710036
265,49.0,-21.0,76.0,25.0,101.0,Massachusetts,Brockton,2509000.0,25,09000,"Brockton city, Massachusetts",93911.0,35.6,49025.0,21942.0,16559.0,17.63265219196899,7.972441992950772
266,51.0,-6.0,76.0,34.0,103.0,Massachusetts,Cambridge,2511000.0,25,11000,"Cambridge city, Massachusetts",105737.0,30.8,72529.0,47448.0,13430.0,12.701324985577424,3.6638073711189083
267,50.0,-12.0,73.0,28.0,102.0,Massachusetts,Fall River,2523000.0,25,23000,"Fall River city, Massachusetts",88811.0,38.7,33211.0,21257.0,20397.0,22.966749614349574,8.096969969936156
268,50.0,-9.0,75.0,30.0,103.0,Massachusetts,Lawrence,2534550.0,25,34550,"Lawrence city, Massachusetts",76820.0,30.9,32851.0,16987.0,22150.0,28.83363707367873,5.994532673782869
269,50.0,-9.0,75.0,30.0,103.0,Massachusetts,Lowell,2537000.0,25,37000,"Lowell city, Massachusetts",107466.0,32.9,49452.0,23136.0,19670.0,18.303463420988965,6.176837325293581
270,49.0,-8.0,74.0,29.0,100.0,Massachusetts,Lynn,2537490.0,25,37490,"Lynn city, Massachusetts",90788.0,34.2,44849.0,22982.0,18914.0,20.83314975547429,5.594351676433009
271,50.0,-12.0,73.0,28.0,102.0,Massachusetts,New Bedford,2545000.0,25,45000,"New Bedford city, Massachusetts",94927.0,36.9,35999.0,21056.0,21828.0,22.9945115720501,6.602968596921845
272,51.0,-6.0,76.0,34.0,103.0,Massachusetts,Newton,2545560.0,25,45560,"Newton city, Massachusetts",86241.0,40.1,119148.0,63872.0,4504.0,5.222573949745481,3.1678667918971253
273,51.0,-6.0,76.0,34.0,103.0,Massachusetts,Quincy,2555745.0,25,55745,"Quincy city, Massachusetts",92595.0,38.4,61328.0,33131.0,9626.0,10.395809708947567,6.100761380204115
274,51.0,-6.0,76.0,34.0,103.0,Massachusetts,Somerville,2562535.0,25,62535,"Somerville city, Massachusetts",76945.0,31.3,67118.0,34781.0,10989.0,14.281629735525375,4.647475469491195
275,48.0,-21.0,74.0,24.0,101.0,Massachusetts,Springfield,2567000.0,25,67000,"Springfield city, Massachusetts",153428.0,32.2,34311.0,18133.0,43397.0,28.284928435487654,6.571160414005266
276,49.0,-14.0,74.0,28.0,103.0,Massachusetts,Worcester,2582000.0,25,82000,"Worcester city, Massachusetts",181901.0,33.6,45932.0,24330.0,36635.0,20.140076195293044,5.650326276381109
277,47.0,-30.0,73.0,22.0,102.0,Michigan,Ann Arbor,2603000.0,26,03000,"Ann Arbor city, Michigan",115331.0,27.5,55003.0,34247.0,22914.0,19.86803201220834,4.090834207628478
278,50.0,-14.0,74.0,30.0,101.0,Michigan,Dearborn,2621000.0,26,21000,"Dearborn city, Michigan",97140.0,33.2,46739.0,21262.0,26611.0,27.394482190652667,4.943380687667284
279,50.0,-12.0,74.0,31.0,100.0,Michigan,Detroit,2622000.0,26,22000,"Detroit city, Michigan",706663.0,34.9,26325.0,14870.0,273850.0,38.75255956516755,11.749730776904974
280,48.0,-19.0,72.0,27.0,99.0,Michigan,Farmington Hills,2627440.0,26,27440,"Farmington Hills city, Michigan",80376.0,42.7,69700.0,40604.0,5927.0,7.37409176868717,3.5881357619189806
281,48.0,-21.0,74.0,25.0,100.0,Michigan,Flint,2629000.0,26,29000,"Flint city, Michigan",101649.0,34.3,24834.0,14360.0,41286.0,40.61623823156155,10.307036960521009
282,50.0,-12.0,74.0,31.0,100.0,Michigan,Troy,2680700.0,26,80700,"Troy city, Michigan",81700.0,41.1,85685.0,40022.0,5841.0,7.149326805385557,4.381884944920441
283,49.0,-11.0,73.0,28.0,101.0,Michigan,Grand Rapids,2634000.0,26,34000,"Grand Rapids city, Michigan",189735.0,31.0,39227.0,20214.0,49016.0,25.833926265580942,6.8094974569794715
284,49.0,-15.0,73.0,27.0,103.0,Michigan,Kalamazoo,2642160.0,26,42160,"Kalamazoo city, Michigan",74812.0,25.9,31893.0,18468.0,23205.0,31.01775116291504,7.522857295621024
285,48.0,-14.0,73.0,26.0,98.0,Michigan,Lansing,2646000.0,26,46000,"Lansing city, Michigan",114274.0,32.0,36054.0,19440.0,32642.0,28.564677879482648,7.820676619353484
286,50.0,-14.0,74.0,30.0,101.0,Michigan,Livonia,2649000.0,26,49000,"Livonia city, Michigan",96233.0,44.2,68973.0,32249.0,5780.0,6.006255650348633,4.530670352166097
287,48.0,-19.0,72.0,27.0,99.0,Michigan,Rochester Hills,2669035.0,26,69035,"Rochester Hills city, Michigan",71737.0,41.3,78160.0,38892.0,4715.0,6.572619429304265,4.527649608988388
288,50.0,-12.0,74.0,31.0,100.0,Michigan,Southfield,2674900.0,26,74900,"Southfield city, Michigan",72331.0,42.3,49841.0,28635.0,11379.0,15.731843884364933,7.038475895535801
289,48.0,-16.0,72.0,28.0,97.0,Michigan,Sterling Heights,2676460.0,26,76460,"Sterling Heights city, Michigan",130209.0,40.8,57075.0,26691.0,16784.0,12.890046002964464,6.157024476034683
290,50.0,-12.0,74.0,31.0,100.0,Michigan,Warren,2684000.0,26,84000,"Warren city, Michigan",134376.0,39.4,43962.0,21744.0,24228.0,18.03000535809966,7.247573971542537
291,50.0,-14.0,74.0,30.0,101.0,Michigan,Westland,2686000.0,26,86000,"Westland city, Michigan",83476.0,38.4,43993.0,23993.0,12822.0,15.3601035028032,6.921749964061527
292,47.0,-28.0,72.0,25.0,101.0,Minnesota,Bloomington,2706616.0,27,06616,"Bloomington city, Minnesota",84451.0,42.3,61820.0,35874.0,8529.0,10.099347550650673,4.430971806136102
293,46.0,-29.0,71.0,23.0,98.0,Minnesota,Brooklyn Park,2707966.0,27,07966,"Brooklyn Park city, Minnesota",76781.0,32.7,64113.0,26917.0,9427.0,12.277777054219143,5.067659967960823
294,42.0,-26.0,65.0,23.0,93.0,Minnesota,Duluth,2717000.0,27,17000,"Duluth city, Minnesota",86234.0,32.8,43064.0,24926.0,17773.0,20.610200153071876,4.570123153280608
295,47.0,-28.0,72.0,25.0,101.0,Minnesota,Minneapolis,2743000.0,27,43000,"Minneapolis city, Minnesota",389112.0,31.6,49885.0,31281.0,84076.0,21.607146528505933,5.7417915664384545
296,46.0,-29.0,71.0,23.0,98.0,Minnesota,Plymouth,2751730.0,27,51730,"Plymouth city, Minnesota",71852.0,40.0,84392.0,46948.0,3855.0,5.365195123309024,3.1049935979513443
297,45.0,-29.0,70.0,21.0,96.0,Minnesota,Rochester,2754880.0,27,54880,"Rochester city, Minnesota",108179.0,35.2,62575.0,32887.0,9796.0,9.055361946403647,2.445021677035284
298,46.0,-27.0,70.0,25.0,97.0,Minnesota,St. Paul,2758000.0,27,58000,"St. Paul city, Minnesota",288802.0,31.0,47010.0,25695.0,64676.0,22.394581754973995,5.436942957458744
299,68.0,18.0,84.0,50.0,102.0,Mississippi,Gulfport,2829700.0,28,29700,"Gulfport city, Mississippi",69004.0,34.3,37610.0,20863.0,16480.0,23.882673468204743,5.533012578980928
300,64.0,13.0,86.0,45.0,102.0,Mississippi,Jackson,2836000.0,28,36000,"Jackson city, Mississippi",173997.0,31.6,32708.0,18623.0,50577.0,29.0677425472853,6.0615987631970665
301,55.0,-11.0,80.0,32.0,106.0,Missouri,Columbia,2915670.0,29,15670,"Columbia city, Missouri",111145.0,26.6,43262.0,26110.0,24946.0,22.444554410904676,3.2821989293265554
302,56.0,-8.0,79.0,33.0,104.0,Missouri,Independence,2935000.0,29,35000,"Independence city, Missouri",116881.0,39.4,44261.0,23408.0,20022.0,17.13024358107819,5.065836192366595
303,57.0,-7.0,81.0,35.0,105.0,Missouri,Kansas City,2938000.0,29,38000,"Kansas City city, Missouri",462378.0,35.0,45275.0,26889.0,86683.0,18.747215481705446,5.176716885318938
304,56.0,-8.0,79.0,33.0,104.0,Missouri,Lee's Summit,2941348.0,29,41348,"Lee's Summit city, Missouri",91758.0,36.9,77285.0,34353.0,6113.0,6.662089409097844,3.0275289348067744
305,55.0,-11.0,81.0,31.0,106.0,Missouri,O'Fallon,2954074.0,29,54074,"O'Fallon city, Missouri",80617.0,34.3,76763.0,30650.0,3390.0,4.205068409888733,3.151940657677661
306,53.0,-17.0,79.0,28.0,104.0,Missouri,St. Joseph,2964550.0,29,64550,"St. Joseph city, Missouri",76984.0,35.7,41969.0,21127.0,13800.0,17.925802764210744,4.420399043957186
307,56.0,-7.0,80.0,33.0,105.0,Missouri,St. Louis,2965000.0,29,65000,"St. Louis city, Missouri",318955.0,34.2,34582.0,23048.0,84785.0,26.582119734758823,7.639635685284758
308,56.0,-10.0,81.0,32.0,106.0,Missouri,Springfield,2970000.0,29,70000,"Springfield city, Missouri",161189.0,32.9,32333.0,20634.0,38395.0,23.819863638337605,5.366371154359168
309,49.0,-21.0,76.0,23.0,103.0,Montana,Billings,3006550.0,30,06550,"Billings city, Montana",105864.0,37.4,48908.0,27544.0,14441.0,13.641086677246278,2.854605909468752
310,47.0,-19.0,72.0,22.0,104.0,Montana,Missoula,3050200.0,30,50200,"Missoula city, Montana",67710.0,31.5,40682.0,24884.0,13428.0,19.831634913602127,5.619553980209718
311,52.0,-19.0,80.0,26.0,105.0,Nebraska,Lincoln,3128000.0,31,28000,"Lincoln city, Nebraska",262365.0,31.9,49113.0,26188.0,40973.0,15.61679339850971,3.8766603777180646
312,53.0,-12.0,79.0,29.0,103.0,Nebraska,Omaha,3137000.0,31,37000,"Omaha city, Nebraska",422499.0,33.9,48052.0,27165.0,68464.0,16.20453539535005,4.159773159226412
313,73.0,23.0,92.0,51.0,115.0,Nevada,Henderson,3231900.0,32,31900,"Henderson city, Nevada",261953.0,40.9,64489.0,33448.0,25532.0,9.74678663729753,5.639943043217676
314,71.0,24.0,91.0,50.0,114.0,Nevada,Las Vegas,3240000.0,32,40000,"Las Vegas city, Nevada",591496.0,36.3,51143.0,25607.0,100024.0,16.910342588960873,7.020334879694875
315,71.0,22.0,92.0,49.0,115.0,Nevada,North Las Vegas,3251800.0,32,51800,"North Las Vegas city, Nevada",219725.0,30.5,53751.0,20895.0,34586.0,15.740584821936512,6.214131300489248
316,57.0,-6.0,82.0,33.0,104.0,Nevada,Reno,3260600.0,32,60600,"Reno city, Nevada",228442.0,34.4,46770.0,26472.0,41572.0,18.198054648444682,6.0334789574596615
317,57.0,-6.0,82.0,33.0,104.0,Nevada,Sparks,3268400.0,32,68400,"Sparks city, Nevada",91168.0,37.1,52581.0,25540.0,11837.0,12.983722358722359,6.110696735696735
318,49.0,-10.0,74.0,29.0,100.0,New Hampshire,Manchester,3345140.0,33,45140,"Manchester city, New Hampshire",109942.0,36.1,54496.0,28055.0,15281.0,13.899146822870241,4.77160684724673
319,48.0,-15.0,75.0,27.0,102.0,New Hampshire,Nashua,3350260.0,33,50260,"Nashua city, New Hampshire",86766.0,38.2,64661.0,32874.0,9165.0,10.562893299218588,5.0157895950026505
320,56.0,3.0,79.0,38.0,103.0,New Jersey,Camden,3410000.0,34,10000,"Camden city, New Jersey",77356.0,29.1,26202.0,13385.0,29728.0,38.430115311029525,10.034127928021098
321,54.0,1.0,78.0,36.0,103.0,New Jersey,Clifton,3413690.0,34,13690,"Clifton city, New Jersey",84591.0,37.5,66382.0,30803.0,7479.0,8.841366102776892,4.519393316073814
322,55.0,1.0,79.0,37.0,108.0,New Jersey,Newark,3451000.0,34,51000,"Newark city, New Jersey",277357.0,32.3,33960.0,16972.0,77198.0,27.833442098090188,9.409894107594184
323,54.0,1.0,78.0,36.0,103.0,New Jersey,Passaic,3456550.0,34,56550,"Passaic city, New Jersey",70172.0,28.8,32159.0,14881.0,21078.0,30.03762184347033,4.595850196659637
324,52.0,-1.0,76.0,32.0,102.0,New Jersey,Paterson,3457000.0,34,57000,"Paterson city, New Jersey",145920.0,32.3,32707.0,15876.0,41975.0,28.76576206140351,5.278234649122807
325,54.0,-1.0,78.0,34.0,105.0,New Jersey,Trenton,3474000.0,34,74000,"Trenton city, New Jersey",84609.0,33.2,36662.0,17532.0,21288.0,25.160443924405204,8.858395678946684
326,54.0,1.0,78.0,36.0,103.0,New Jersey,Union City,3474630.0,34,74630,"Union City city, New Jersey",67233.0,34.0,40763.0,19475.0,16307.0,24.254458376095073,7.521603974238841
327,60.0,-6.0,81.0,37.0,102.0,New Mexico,Albuquerque,3502000.0,35,02000,"Albuquerque city, New Mexico",549812.0,35.4,47989.0,26769.0,97304.0,17.697685754403324,4.320931518409929
328,53.0,-11.0,78.0,29.0,100.0,New Mexico,Rio Rancho,3563460.0,35,63460,"Rio Rancho city, New Mexico",89098.0,36.4,59883.0,27311.0,10082.0,11.315629980470941,3.8003097712631035
329,64.0,0.0,86.0,40.0,106.0,New Mexico,Las Cruces,3539380.0,35,39380,"Las Cruces city, New Mexico",99186.0,31.7,40040.0,21460.0,22265.0,22.447724477244773,5.418103361361482
330,56.0,3.0,78.0,39.0,104.0,New York,Mount Vernon,3649121.0,36,49121,"Mount Vernon city, New York",67653.0,37.7,49328.0,27454.0,10672.0,15.774614577328427,7.837050832926847
331,56.0,3.0,78.0,39.0,104.0,New York,New Rochelle,3650617.0,36,50617,"New Rochelle city, New York",77820.0,38.4,67094.0,40705.0,9299.0,11.949370341814443,4.442302749935749
332,54.0,3.0,75.0,38.0,103.0,New York,New York,3651000.0,36,51000,"New York city, New York",8268999.0,35.6,52259.0,32010.0,1653857.0,20.000691740318267,5.453973328573386
333,51.0,-12.0,75.0,28.0,99.0,New York,Schenectady,3665508.0,36,65508,"Schenectady city, New York",65990.0,34.6,38381.0,20467.0,14994.0,22.721624488558874,5.750871344143052
334,48.0,-17.0,74.0,26.0,101.0,New York,Syracuse,3673000.0,36,73000,"Syracuse city, New York",144742.0,29.4,31365.0,19121.0,45605.0,31.50778626798027,5.62725401058435
335,55.0,-1.0,78.0,35.0,98.0,North Carolina,Asheville,3702140.0,37,02140,"Asheville city, North Carolina",84883.0,38.0,42016.0,26912.0,16398.0,19.318355854529177,4.755958201288833
336,59.0,4.0,83.0,39.0,105.0,North Carolina,Cary,3710740.0,37,10740,"Cary town, North Carolina",141292.0,36.4,90250.0,41554.0,8663.0,6.131274240579792,2.9286866913908787
337,60.0,6.0,83.0,39.0,104.0,North Carolina,Charlotte,3712000.0,37,12000,"Charlotte city, North Carolina",757278.0,33.5,52375.0,31556.0,127166.0,16.792512128967168,6.2953103087637565
338,59.0,7.0,82.0,39.0,100.0,North Carolina,Concord,3714100.0,37,14100,"Concord city, North Carolina",80715.0,35.5,53337.0,25897.0,10045.0,12.445022610419377,6.4634826240475745
339,59.0,4.0,83.0,39.0,105.0,North Carolina,Durham,3719000.0,37,19000,"Durham city, North Carolina",234922.0,32.4,49160.0,28565.0,45149.0,19.218719404738593,4.754343995028137
340,61.0,8.0,84.0,41.0,103.0,North Carolina,Fayetteville,3722920.0,37,22920,"Fayetteville city, North Carolina",201755.0,30.0,44900.0,23409.0,33559.0,16.633540680528363,5.864538673143168
341,59.0,6.0,82.0,39.0,105.0,North Carolina,Gastonia,3725580.0,37,25580,"Gastonia city, North Carolina",72300.0,36.6,40053.0,21531.0,15807.0,21.863070539419088,6.7704011065006915
342,58.0,5.0,81.0,38.0,100.0,North Carolina,Greensboro,3728000.0,37,28000,"Greensboro city, North Carolina",273228.0,34.2,41120.0,25861.0,53329.0,19.518131377457653,5.615090693486758
343,60.0,-4.0,82.0,39.0,100.0,North Carolina,Greenville,3728080.0,37,28080,"Greenville city, North Carolina",86249.0,26.1,35137.0,22836.0,24229.0,28.091919906317756,6.8766014678431056
344,58.0,5.0,81.0,38.0,100.0,North Carolina,High Point,3731400.0,37,31400,"High Point city, North Carolina",105723.0,35.7,43083.0,22940.0,22048.0,20.854497129290692,6.552973335981764
345,61.0,9.0,83.0,42.0,99.0,North Carolina,Jacksonville,3734200.0,37,34200,"Jacksonville city, North Carolina",69415.0,23.3,42459.0,21210.0,8242.0,11.87351437009292,3.323489159403587
346,59.0,4.0,83.0,39.0,105.0,North Carolina,Raleigh,3755000.0,37,55000,"Raleigh city, North Carolina",414530.0,32.2,54448.0,30470.0,64072.0,15.456541142981207,4.918582491013919
347,64.0,11.0,85.0,42.0,103.0,North Carolina,Wilmington,3774440.0,37,74440,"Wilmington city, North Carolina",108530.0,34.6,41573.0,29017.0,24291.0,22.381829908780983,6.436008476918825
348,58.0,4.0,80.0,39.0,102.0,North Carolina,Winston-Salem,3775000.0,37,75000,"Winston-Salem city, North Carolina",232219.0,34.6,40148.0,24858.0,51700.0,22.263466813654354,5.804434606987369
349,43.0,-33.0,70.0,17.0,100.0,North Dakota,Fargo,3825700.0,38,25700,"Fargo city, North Dakota",108371.0,30.2,45458.0,29261.0,16977.0,15.66563010399461,2.989729724741859
350,51.0,-11.0,75.0,29.0,98.0,Ohio,Akron,3901000.0,39,01000,"Akron city, Ohio",199038.0,36.0,33909.0,19968.0,53304.0,26.780815723630663,7.795998754006773
351,50.0,-11.0,75.0,29.0,101.0,Ohio,Canton,3912000.0,39,12000,"Canton city, Ohio",73027.0,35.0,30209.0,16669.0,22340.0,30.591425089350516,7.320580059430074
352,53.0,-16.0,78.0,31.0,99.0,Ohio,Cincinnati,3915000.0,39,15000,"Cincinnati city, Ohio",297150.0,32.3,34116.0,24779.0,86686.0,29.172471815581357,6.660272589601211
353,52.0,-10.0,76.0,35.0,97.0,Ohio,Cleveland,3916000.0,39,16000,"Cleveland city, Ohio",394335.0,36.0,26217.0,16992.0,135926.0,34.46967679764667,9.23580204648332
354,53.0,-10.0,78.0,32.0,101.0,Ohio,Columbus,3918000.0,39,18000,"Columbus city, Ohio",800594.0,31.8,44072.0,24351.0,174607.0,21.809681311626118,5.3023130325733145
355,52.0,-12.0,77.0,30.0,99.0,Ohio,Dayton,3921000.0,39,21000,"Dayton city, Ohio",143446.0,33.2,28456.0,16494.0,44929.0,31.321194038174646,8.34530067063564
356,51.0,-12.0,76.0,31.0,98.0,Ohio,Parma,3961000.0,39,61000,"Parma city, Ohio",81055.0,42.0,49654.0,24713.0,8667.0,10.692739497871816,4.970698908148788
357,50.0,-13.0,75.0,29.0,100.0,Ohio,Toledo,3977000.0,39,77000,"Toledo city, Ohio",285459.0,34.8,33317.0,18760.0,75657.0,26.503630994293403,8.439040282492407
358,49.0,-13.0,75.0,27.0,98.0,Ohio,Youngstown,3988000.0,39,88000,"Youngstown city, Ohio",66511.0,38.9,24454.0,14876.0,22271.0,33.48468674354618,8.00920148546857
359,60.0,-13.0,85.0,37.0,111.0,Oklahoma,Broken Arrow,4009050.0,40,09050,"Broken Arrow city, Oklahoma",100464.0,36.0,65484.0,29103.0,7685.0,7.649506290810638,3.1404284121675428
360,61.0,-16.0,86.0,37.0,111.0,Oklahoma,Edmond,4023200.0,40,23200,"Edmond city, Oklahoma",83390.0,35.7,71215.0,38011.0,7974.0,9.562297637606427,2.5758484230723107
361,62.0,-2.0,87.0,39.0,109.0,Oklahoma,Lawton,4041850.0,40,41850,"Lawton city, Oklahoma",97147.0,30.1,43269.0,21146.0,16381.0,16.862074999742656,4.126735771562683
362,61.0,0.0,85.0,38.0,109.0,Oklahoma,Norman,4052500.0,40,52500,"Norman city, Oklahoma",113743.0,30.2,49038.0,27749.0,18879.0,16.597944488891624,3.207230335053586
363,60.0,-6.0,86.0,38.0,113.0,Oklahoma,Oklahoma City,4055000.0,40,55000,"Oklahoma City city, Oklahoma",590995.0,33.6,45824.0,25640.0,105777.0,17.898120965490403,3.4792172522610176
364,61.0,-11.0,86.0,37.0,112.0,Oklahoma,Tulsa,4075000.0,40,75000,"Tulsa city, Oklahoma",393709.0,34.9,41241.0,27089.0,77516.0,19.688653294692273,4.064169221430041
365,54.0,7.0,76.0,34.0,106.0,Oregon,Beaverton,4105350.0,41,05350,"Beaverton city, Oregon",91383.0,35.2,56107.0,30250.0,12499.0,13.677598678091112,5.7450510488821775
366,54.0,-10.0,77.0,32.0,105.0,Oregon,Bend,4105800.0,41,05800,"Bend city, Oregon",78128.0,37.8,53027.0,29650.0,9953.0,12.739350808928938,5.1146835961499075
367,54.0,-10.0,77.0,34.0,106.0,Oregon,Eugene,4123850.0,41,23850,"Eugene city, Oregon",157318.0,34.2,42167.0,26017.0,36511.0,23.208405903965218,5.828322251744874
368,56.0,15.0,76.0,38.0,105.0,Oregon,Gresham,4131250.0,41,31250,"Gresham city, Oregon",107196.0,34.2,47417.0,21553.0,20835.0,19.436359565655437,6.318332773610956
369,54.0,7.0,76.0,34.0,106.0,Oregon,Hillsboro,4134100.0,41,34100,"Hillsboro city, Oregon",93880.0,32.2,65158.0,27502.0,12600.0,13.42138900724329,5.414358755858543
370,58.0,3.0,83.0,36.0,112.0,Oregon,Medford,4147000.0,41,47000,"Medford city, Oregon",75902.0,37.8,41513.0,22963.0,15432.0,20.33148006640141,5.935284972727992
371,56.0,12.0,77.0,39.0,106.0,Oregon,Portland,4159000.0,41,59000,"Portland city, Oregon",594687.0,36.3,52657.0,31839.0,103514.0,17.406467603966455,5.939763270426291
372,56.0,8.0,78.0,36.0,108.0,Oregon,Salem,4164900.0,41,64900,"Salem city, Oregon",156937.0,35.0,45971.0,23316.0,27772.0,17.69627302675596,6.3261053798658065
373,52.0,-4.0,77.0,30.0,104.0,Pennsylvania,Allentown,4202000.0,42,02000,"Allentown city, Pennsylvania",118285.0,32.4,35560.0,17235.0,31479.0,26.612841864987107,7.301010271801158
374,52.0,-4.0,77.0,30.0,104.0,Pennsylvania,Bethlehem,4206088.0,42,06088,"Bethlehem city, Pennsylvania",75030.0,35.3,46292.0,23827.0,13604.0,18.131414101026255,4.8327335732373715
375,50.0,-18.0,75.0,30.0,96.0,Pennsylvania,Erie,4224000.0,42,24000,"Erie city, Pennsylvania",101324.0,33.7,33049.0,18907.0,26827.0,26.476451778453278,5.626505072835656
376,55.0,2.0,79.0,36.0,105.0,Pennsylvania,Philadelphia,4260000.0,42,60000,"Philadelphia city, Pennsylvania",1536704.0,33.6,37192.0,22279.0,395789.0,25.755708321186123,7.159413914455874
377,52.0,-8.0,76.0,31.0,95.0,Pennsylvania,Pittsburgh,4261000.0,42,61000,"Pittsburgh city, Pennsylvania",306062.0,33.4,39195.0,26892.0,63807.0,20.847736733080225,5.075768961844332
378,53.0,-1.0,77.0,33.0,106.0,Pennsylvania,Reading,4263624.0,42,63624,"Reading city, Pennsylvania",87978.0,29.4,26777.0,13306.0,33151.0,37.68101116188138,9.056809656959695
379,50.0,-8.0,75.0,28.0,98.0,Pennsylvania,Scranton,4269000.0,42,69000,"Scranton city, Pennsylvania",75982.0,37.8,38463.0,20244.0,14492.0,19.07293832749862,4.46158300650154
380,51.0,-5.0,75.0,32.0,101.0,Rhode Island,Cranston,4419180.0,44,19180,"Cranston city, Rhode Island",80470.0,41.1,60283.0,29267.0,7740.0,9.61849136324096,5.508885298869144
381,49.0,-8.0,74.0,28.0,97.0,Rhode Island,Pawtucket,4454640.0,44,54640,"Pawtucket city, Rhode Island",71163.0,37.3,40379.0,21637.0,13599.0,19.109649677500947,7.297331478436828
382,51.0,-5.0,75.0,32.0,101.0,Rhode Island,Providence,4459000.0,44,59000,"Providence city, Rhode Island",178056.0,28.8,37632.0,21676.0,47500.0,26.677000494226537,7.586938940558027
383,51.0,-5.0,75.0,32.0,101.0,Rhode Island,Warwick,4474300.0,44,74300,"Warwick city, Rhode Island",82378.0,44.2,62295.0,33474.0,5899.0,7.160892471290879,5.261113404064192
384,65.0,16.0,86.0,46.0,99.0,South Carolina,Charleston,4513330.0,45,13330,"Charleston city, South Carolina",123267.0,32.8,51737.0,32131.0,22919.0,18.59297297735809,4.5259477394598715
385,63.0,16.0,86.0,45.0,106.0,South Carolina,Columbia,4516000.0,45,16000,"Columbia city, South Carolina",131004.0,28.5,41344.0,24779.0,24612.0,18.787212604195293,5.786082867698696
386,65.0,16.0,86.0,46.0,99.0,South Carolina,Mount Pleasant,4548535.0,45,48535,"Mount Pleasant town, South Carolina",70131.0,38.1,76085.0,40870.0,5628.0,8.024981819737349,3.5747387032838547
387,65.0,16.0,86.0,46.0,99.0,South Carolina,North Charleston,4550875.0,45,50875,"North Charleston city, South Carolina",100018.0,30.8,39322.0,19717.0,22201.0,22.19700453918295,6.407846587614229
388,59.0,6.0,82.0,39.0,103.0,South Carolina,Rock Hill,4561405.0,45,61405,"Rock Hill city, South Carolina",67390.0,31.9,42550.0,22416.0,12010.0,17.821635257456595,6.6033536132957416
389,47.0,-18.0,77.0,22.0,104.0,South Dakota,Rapid City,4652980.0,46,52980,"Rapid City city, South Dakota",69000.0,36.2,46370.0,26412.0,10652.0,15.43768115942029,3.471014492753623
390,46.0,-30.0,73.0,20.0,101.0,South Dakota,Sioux Falls,4659020.0,46,59020,"Sioux Falls city, South Dakota",157675.0,33.7,51672.0,27559.0,17088.0,10.837482162676391,2.645948945615982
391,61.0,5.0,83.0,41.0,107.0,Tennessee,Chattanooga,4714000.0,47,14000,"Chattanooga city, Tennessee",170246.0,37.3,38064.0,23847.0,39146.0,22.993785463388274,5.954912303372766
392,58.0,-9.0,81.0,36.0,105.0,Tennessee,Clarksville,4715160.0,47,15160,"Clarksville city, Tennessee",137145.0,28.5,47092.0,21079.0,24168.0,17.6222246527398,4.9874220715301325
393,59.0,2.0,81.0,38.0,105.0,Tennessee,Knoxville,4740000.0,47,40000,"Knoxville city, Tennessee",180830.0,34.1,33595.0,23336.0,39583.0,21.88962008516286,4.2393408173422555
394,63.0,9.0,84.0,42.0,104.0,Tennessee,Memphis,4748000.0,47,48000,"Memphis city, Tennessee",650932.0,33.2,36912.0,21454.0,170736.0,26.229467901409055,7.092599534206338
395,58.0,3.0,83.0,35.0,112.0,Tennessee,Murfreesboro,4751560.0,47,51560,"Murfreesboro city, Tennessee",111814.0,29.9,49358.0,25443.0,18766.0,16.783229291501957,5.126370579712737
396,60.0,4.0,83.0,37.0,107.0,Tennessee,Nashville,4752006.0,47,52006,"Nashville-Davidson metropolitan government (balance), Tennessee",614908.0,33.8,46686.0,27356.0,111947.0,18.20548765018507,4.9456178810488725
397,64.0,8.0,86.0,42.0,106.0,Texas,Allen,4801924.0,48,01924,"Allen city, Texas",87213.0,35.1,101636.0,39077.0,4622.0,5.299668627383532,3.1337071308176534
398,57.0,-6.0,87.0,33.0,107.0,Texas,Amarillo,4803000.0,48,03000,"Amarillo city, Texas",193153.0,33.5,45984.0,24156.0,33304.0,17.242289790994704,2.807618830667916
399,66.0,12.0,88.0,44.0,108.0,Texas,Arlington,4804000.0,48,04000,"Arlington city, Texas",371267.0,32.0,52933.0,25456.0,61097.0,16.45635082029914,5.034112916041555
400,67.0,10.0,90.0,44.0,110.0,Texas,Austin,4805000.0,48,05000,"Austin city, Texas",836800.0,31.5,53946.0,31990.0,155996.0,18.641969407265773,4.356716061185469
401,70.0,21.0,88.0,53.0,104.0,Texas,Baytown,4806128.0,48,06128,"Baytown city, Texas",73043.0,31.8,46939.0,21262.0,14707.0,20.134715167777884,5.421464069109977
402,68.0,18.0,87.0,49.0,103.0,Texas,Beaumont,4807000.0,48,07000,"Beaumont city, Texas",117478.0,34.3,39526.0,23579.0,25884.0,22.033061509388993,5.141388174807198
403,73.0,28.0,91.0,55.0,105.0,Texas,Brownsville,4810768.0,48,10768,"Brownsville city, Texas",177795.0,29.2,32105.0,13947.0,62048.0,34.898619196265365,4.602491633622993
404,67.0,16.0,88.0,45.0,112.0,Texas,Bryan,4810912.0,48,10912,"Bryan city, Texas",77139.0,28.7,38356.0,19816.0,20948.0,27.156172623445986,4.931357678995061
405,67.0,12.0,87.0,47.0,106.0,Texas,Carrollton,4813024.0,48,13024,"Carrollton city, Texas",122613.0,36.2,68811.0,31709.0,11645.0,9.497361617446764,3.9710308042377234
406,68.0,18.0,87.0,47.0,105.0,Texas,College Station,4815976.0,48,15976,"College Station city, Texas",96000.0,22.6,31596.0,20799.0,30481.0,31.751041666666666,3.9947916666666665
407,71.0,24.0,91.0,52.0,107.0,Texas,Corpus Christi,4817000.0,48,17000,"Corpus Christi city, Texas",308993.0,34.4,47481.0,24002.0,55002.0,17.800403245380963,3.9502513001912667
408,67.0,12.0,88.0,45.0,108.0,Texas,Dallas,4819000.0,48,19000,"Dallas city, Texas",1222167.0,32.0,42846.0,27426.0,286669.0,23.45579613915283,4.8499918587230715
409,64.0,7.0,87.0,41.0,108.0,Texas,Denton,4819972.0,48,19972,"Denton city, Texas",117895.0,27.5,48182.0,24089.0,22089.0,18.736163535349252,5.593960727766233
410,75.0,25.0,95.0,54.0,108.0,Texas,Edinburg,4822660.0,48,22660,"Edinburg city, Texas",77415.0,27.9,41891.0,17103.0,19727.0,25.48214170380417,4.904734224633469
411,68.0,1.0,89.0,45.0,109.0,Texas,El Paso,4824000.0,48,24000,"El Paso city, Texas",660795.0,32.3,41406.0,19669.0,140275.0,21.228217525859,3.7746956317768747
412,68.0,12.0,89.0,46.0,111.0,Texas,Fort Worth,4827000.0,48,27000,"Fort Worth city, Texas",761092.0,31.5,51315.0,24489.0,144181.0,18.94396472436972,4.578421531168374
413,67.0,12.0,87.0,47.0,106.0,Texas,Frisco,4827684.0,48,27684,"Frisco city, Texas",123663.0,34.5,108284.0,42307.0,5409.0,4.3739841343004775,2.725148184986617
414,67.0,12.0,87.0,47.0,106.0,Texas,Garland,4829000.0,48,29000,"Garland city, Texas",230177.0,33.5,51842.0,21633.0,37085.0,16.11151418256385,5.3867241296914985
415,67.0,16.0,88.0,47.0,109.0,Texas,Grand Prairie,4830464.0,48,30464,"Grand Prairie city, Texas",178195.0,31.5,53927.0,22452.0,27655.0,15.519515137910716,4.920452313476809
416,69.0,21.0,89.0,50.0,105.0,Texas,Houston,4835000.0,48,35000,"Houston city, Texas",2134707.0,32.4,45010.0,27305.0,480971.0,22.531007768279206,4.896222291864879
417,67.0,12.0,89.0,45.0,109.0,Texas,Irving,4837000.0,48,37000,"Irving city, Texas",220856.0,31.6,50778.0,27040.0,35421.0,16.038051943347703,4.750153946462854
418,67.0,12.0,89.0,45.0,110.0,Texas,Killeen,4839148.0,48,39148,"Killeen city, Texas",131237.0,27.7,45895.0,19986.0,21624.0,16.477060585048424,5.276713122061614
419,77.0,23.0,99.0,52.0,111.0,Texas,Laredo,4841464.0,48,41464,"Laredo city, Texas",240524.0,28.2,40041.0,14797.0,73013.0,30.35580648916532,2.783506011874075
420,70.0,21.0,87.0,51.0,103.0,Texas,League City,4841980.0,48,41980,"League City city, Texas",86136.0,35.1,89339.0,38460.0,4298.0,4.98978359803102,3.0428624500789447
421,67.0,12.0,87.0,47.0,106.0,Texas,Lewisville,4842508.0,48,42508,"Lewisville city, Texas",97462.0,31.6,58580.0,28524.0,9495.0,9.742258521269829,3.523424514169625
422,65.0,0.0,87.0,44.0,108.0,Texas,Longview,4843888.0,48,43888,"Longview city, Texas",81435.0,34.3,43466.0,23375.0,13485.0,16.559219009025604,3.563578313992755
423,61.0,1.0,89.0,36.0,112.0,Texas,Lubbock,4845000.0,48,45000,"Lubbock city, Texas",233162.0,29.3,42986.0,23521.0,48318.0,20.722930837786603,3.711153618514166
424,75.0,27.0,95.0,56.0,109.0,Texas,McAllen,4845384.0,48,45384,"McAllen city, Texas",132796.0,32.6,41163.0,20926.0,35049.0,26.393114250429228,3.356275791439501
425,64.0,8.0,86.0,42.0,106.0,Texas,McKinney,4845744.0,48,45744,"McKinney city, Texas",137643.0,33.0,81118.0,32849.0,12080.0,8.776327165202735,2.1308747992996375
426,65.0,9.0,86.0,44.0,106.0,Texas,Mesquite,4847892.0,48,47892,"Mesquite city, Texas",141201.0,32.3,50525.0,21774.0,20386.0,14.437574804711014,4.075041961459196
427,68.0,9.0,91.0,44.0,111.0,Texas,Midland,4848072.0,48,48072,"Midland city, Texas",115903.0,32.4,62665.0,34301.0,12937.0,11.161919881280037,2.368359749100541
428,75.0,27.0,95.0,56.0,109.0,Texas,Mission,4848768.0,48,48768,"Mission city, Texas",78707.0,30.2,41895.0,17485.0,20558.0,26.119658988400015,3.041660843381148
429,69.0,1.0,88.0,49.0,104.0,Texas,Missouri City,4848804.0,48,48804,"Missouri City city, Texas",68244.0,37.2,83524.0,33070.0,4721.0,6.917824277592169,3.8420960084403024
430,65.0,6.0,89.0,42.0,110.0,Texas,Odessa,4853388.0,48,53388,"Odessa city, Texas",104223.0,30.9,52158.0,25567.0,15364.0,14.741467814206077,2.758508198766107
431,70.0,21.0,88.0,53.0,104.0,Texas,Pasadena,4856000.0,48,56000,"Pasadena city, Texas",150785.0,30.6,46058.0,20146.0,32598.0,21.61886129256889,5.025698842723083
432,70.0,21.0,87.0,51.0,103.0,Texas,Pearland,4856348.0,48,56348,"Pearland city, Texas",94098.0,34.3,92346.0,36808.0,4247.0,4.513379668005697,2.653616442432358
433,75.0,27.0,95.0,56.0,109.0,Texas,Pharr,4857200.0,48,57200,"Pharr city, Texas",71634.0,28.7,32087.0,12964.0,25599.0,35.735823770835076,4.908283775860625
434,67.0,12.0,87.0,47.0,106.0,Texas,Plano,4858016.0,48,58016,"Plano city, Texas",266740.0,37.5,82484.0,40938.0,20494.0,7.683137137287246,3.3512034190597584
435,67.0,12.0,87.0,47.0,106.0,Texas,Richardson,4861796.0,48,61796,"Richardson city, Texas",101528.0,36.5,69323.0,34637.0,11845.0,11.666732329997636,4.382042392246474
436,67.0,10.0,88.0,44.0,109.0,Texas,Round Rock,4863500.0,48,63500,"Round Rock city, Texas",104070.0,31.6,69533.0,29704.0,8918.0,8.569232247525704,4.383587969635822
437,66.0,10.0,92.0,41.0,110.0,Texas,San Angelo,4864472.0,48,64472,"San Angelo city, Texas",94812.0,32.5,42385.0,23157.0,15625.0,16.479981436948908,3.6261232755347423
438,69.0,16.0,90.0,48.0,106.0,Texas,San Antonio,4865000.0,48,65000,"San Antonio city, Texas",1359033.0,32.7,45722.0,22619.0,265645.0,19.546618809109123,4.223664914685663
439,69.0,1.0,88.0,49.0,104.0,Texas,Sugar Land,4870808.0,48,70808,"Sugar Land city, Texas",80755.0,41.4,104702.0,45093.0,3340.0,4.135966813200421,2.9682372608507213
440,66.0,13.0,87.0,45.0,109.0,Texas,Tyler,4874144.0,48,74144,"Tyler city, Texas",98335.0,33.5,43289.0,27361.0,18922.0,19.242385722275895,3.6731580820664056
441,67.0,1.0,89.0,43.0,114.0,Texas,Waco,4876000.0,48,76000,"Waco city, Texas",126406.0,28.5,32650.0,18361.0,36314.0,28.72806670569435,4.1635681850545065
442,63.0,3.0,90.0,40.0,112.0,Texas,Wichita Falls,4879000.0,48,79000,"Wichita Falls city, Texas",104402.0,32.7,44028.0,22635.0,16395.0,15.703722150916649,3.3323116415394343
443,52.0,-7.0,74.0,31.0,99.0,Utah,Layton,4943660.0,49,43660,"Layton city, Utah",68386.0,29.6,65439.0,25424.0,6388.0,9.341093206211799,2.5823999064135936
444,52.0,-7.0,75.0,31.0,101.0,Utah,Ogden,4955980.0,49,55980,"Ogden city, Utah",83363.0,30.2,41031.0,19349.0,18917.0,22.692321533534063,5.154564974868947
445,52.0,-8.0,75.0,29.0,100.0,Utah,Orem,4957300.0,49,57300,"Orem city, Utah",89724.0,26.4,52960.0,20471.0,14660.0,16.33899514065356,3.8618429851544738
446,52.0,-8.0,75.0,29.0,100.0,Utah,Provo,4962470.0,49,62470,"Provo city, Utah",114179.0,23.5,39688.0,16977.0,33808.0,29.609648008828245,4.365951707406791
447,65.0,-3.0,86.0,41.0,113.0,Utah,St. George,4965330.0,49,65330,"St. George city, Utah",74301.0,33.9,47986.0,22167.0,11350.0,15.27570288421421,4.679614002503331
448,55.0,-5.0,79.0,33.0,104.0,Utah,Salt Lake City,4967000.0,49,67000,"Salt Lake City city, Utah",188141.0,31.4,45862.0,28137.0,36752.0,19.534285456120674,4.761854141308912
449,55.0,-5.0,79.0,33.0,104.0,Utah,Sandy,4967440.0,49,67440,"Sandy city, Utah",88672.0,34.0,76904.0,30952.0,6899.0,7.780359076145796,3.320101046553591
450,55.0,-5.0,79.0,33.0,104.0,Utah,West Jordan,4982950.0,49,82950,"West Jordan city, Utah",106118.0,28.7,67308.0,22303.0,9421.0,8.877852956143162,4.149154714563034
451,55.0,-5.0,79.0,33.0,104.0,Utah,West Valley City,4983470.0,49,83470,"West Valley City city, Utah",130843.0,29.7,52389.0,17934.0,24819.0,18.9685348088931,5.03045634844814
452,47.0,-19.0,73.0,24.0,97.0,Vermont,Burlington,5010675.0,50,10675,"Burlington city, Vermont",42331.0,27.5,42677.0,25441.0,9036.0,21.346058444166214,5.263282228154308
453,58.0,5.0,81.0,41.0,105.0,Virginia,Alexandria,5101000.0,51,01000,"Alexandria city, Virginia",143684.0,35.7,85706.0,54608.0,11980.0,8.337741154199493,3.230700704323376
454,58.0,-6.0,82.0,37.0,100.0,Virginia,Chesapeake,5116000.0,51,16000,"Chesapeake city, Virginia",225597.0,36.6,69743.0,29905.0,18714.0,8.295323076104735,3.7722132829780537
455,59.0,5.0,81.0,40.0,99.0,Virginia,Hampton,5135000.0,51,35000,"Hampton city, Virginia",136957.0,35.5,50705.0,25247.0,19618.0,14.324203947224312,5.254203874208693
456,55.0,-11.0,79.0,34.0,101.0,Virginia,Lynchburg,5147672.0,51,47672,"Lynchburg city, Virginia",76467.0,29.5,38138.0,21440.0,16550.0,21.643323263630062,5.648188107288111
457,59.0,5.0,82.0,39.0,101.0,Virginia,Newport News,5156000.0,51,56000,"Newport News city, Virginia",181025.0,32.5,51027.0,25310.0,26163.0,14.45269990332827,4.92915343184643
458,61.0,11.0,83.0,44.0,104.0,Virginia,Norfolk,5157000.0,51,57000,"Norfolk city, Virginia",244090.0,29.8,44747.0,24659.0,42580.0,17.444385267729118,5.688475562292597
459,61.0,11.0,83.0,44.0,104.0,Virginia,Portsmouth,5164000.0,51,64000,"Portsmouth city, Virginia",95901.0,35.2,46166.0,23138.0,16988.0,17.714100999989572,5.056255930595093
460,58.0,-2.0,83.0,38.0,104.0,Virginia,Richmond,5167000.0,51,67000,"Richmond city, Virginia",207878.0,32.6,40496.0,27184.0,50681.0,24.380165289256198,6.017471786336216
461,57.0,0.0,80.0,36.0,102.0,Virginia,Roanoke,5168000.0,51,68000,"Roanoke city, Virginia",97355.0,38.2,38145.0,23295.0,21360.0,21.940321503774843,4.283293102562785
462,58.0,-5.0,82.0,38.0,102.0,Virginia,Suffolk,5176432.0,51,76432,"Suffolk city, Virginia",84842.0,38.1,66085.0,29135.0,9528.0,11.230286886212017,4.257325381296999
463,60.0,5.0,82.0,40.0,101.0,Virginia,Virginia Beach,5182000.0,51,82000,"Virginia Beach city, Virginia",442151.0,34.9,65219.0,31934.0,33928.0,7.673396645037555,3.312669201245728
464,55.0,14.0,73.0,38.0,106.0,Washington,Auburn,5303180.0,53,03180,"Auburn city, Washington",71846.0,35.9,55483.0,26807.0,11397.0,15.863096066586866,5.715001531052529
465,55.0,14.0,73.0,39.0,105.0,Washington,Bellevue,5305210.0,53,05210,"Bellevue city, Washington",129209.0,37.8,90333.0,48620.0,9826.0,7.604733416402882,4.033000797158093
466,52.0,10.0,69.0,34.0,97.0,Washington,Bellingham,5305280.0,53,05280,"Bellingham city, Washington",81576.0,30.9,40648.0,24266.0,18574.0,22.7689516524468,5.733303912915563
467,52.0,13.0,69.0,39.0,100.0,Washington,Everett,5322640.0,53,22640,"Everett city, Washington",103918.0,34.6,47482.0,25478.0,17073.0,16.429300025019728,6.060547739563887
468,54.0,14.0,73.0,39.0,103.0,Washington,Federal Way,5323515.0,53,23515,"Federal Way city, Washington",90720.0,35.1,55872.0,26508.0,14523.0,16.008597883597883,5.263447971781305
469,55.0,-8.0,80.0,30.0,109.0,Washington,Kennewick,5335275.0,53,35275,"Kennewick city, Washington",74969.0,32.6,51510.0,24669.0,12644.0,16.865637796956076,3.533460497005429
470,55.0,14.0,73.0,38.0,106.0,Washington,Kent,5335415.0,53,35415,"Kent city, Washington",115703.0,33.2,57553.0,25137.0,19660.0,16.991780679844084,4.920356429824637
471,55.0,14.0,73.0,38.0,106.0,Washington,Renton,5357745.0,53,57745,"Renton city, Washington",93601.0,35.5,64141.0,31124.0,11601.0,12.394098353650067,4.932639608551191
472,55.0,14.0,73.0,39.0,105.0,Washington,Seattle,5363000.0,53,63000,"Seattle city, Washington",624681.0,36.1,65277.0,43237.0,82513.0,13.208821782637859,4.325247606378295
473,51.0,-2.0,74.0,30.0,107.0,Washington,Spokane,5367000.0,53,67000,"Spokane city, Washington",209478.0,35.2,42092.0,23965.0,39067.0,18.649691137016774,5.410114665979243
474,51.0,-2.0,74.0,30.0,107.0,Washington,Spokane Valley,5367167.0,53,67167,"Spokane Valley city, Washington",90385.0,38.3,47897.0,23886.0,13032.0,14.418321624163301,5.265254190407701
475,54.0,-10.0,78.0,28.0,108.0,Washington,Yakima,5380010.0,53,80010,"Yakima city, Washington",92082.0,33.0,39462.0,19908.0,21835.0,23.712560543863077,5.415825025520731
476,55.0,-4.0,81.0,32.0,101.0,West Virginia,Charleston,5414600.0,54,14600,"Charleston city, West Virginia",51135.0,41.5,48527.0,36334.0,9154.0,17.901632932433753,3.8799256869072063
477,45.0,-24.0,68.0,24.0,97.0,Wisconsin,Appleton,5502375.0,55,02375,"Appleton city, Wisconsin",72923.0,35.8,53183.0,27246.0,7996.0,10.964990469399229,2.9085473718854136
478,45.0,-21.0,69.0,23.0,99.0,Wisconsin,Green Bay,5531000.0,55,31000,"Green Bay city, Wisconsin",104393.0,34.0,42427.0,23897.0,17922.0,17.167817765558993,4.845152452750663
479,47.0,-21.0,73.0,25.0,106.0,Wisconsin,Kenosha,5539225.0,55,39225,"Kenosha city, Wisconsin",99535.0,34.1,48643.0,23179.0,17804.0,17.88717536544934,6.477118601496961
480,47.0,-26.0,72.0,24.0,104.0,Wisconsin,Madison,5548000.0,55,48000,"Madison city, Wisconsin",237395.0,30.8,53464.0,31322.0,43981.0,18.526506455485585,3.8989869205332885
481,47.0,-24.0,71.0,26.0,102.0,Wisconsin,Milwaukee,5553000.0,55,53000,"Milwaukee city, Wisconsin",596459.0,30.6,35467.0,19229.0,168664.0,28.277551348877292,6.881445329855028
482,48.0,-18.0,71.0,27.0,102.0,Wisconsin,Racine,5566000.0,55,66000,"Racine city, Wisconsin",78548.0,33.6,38072.0,20000.0,17621.0,22.43341650965015,6.842949534042878
483,45.0,-26.0,69.0,24.0,100.0,Wisconsin,Waukesha,5584250.0,55,84250,"Waukesha city, Wisconsin",70775.0,34.0,57802.0,28920.0,7912.0,11.179088661250441,3.8290356764394207
484,46.0,-24.0,74.0,20.0,97.0,Wyoming,Cheyenne,5613900.0,56,13900,"Cheyenne city, Wyoming",60528.0,35.0,52848.0,27717.0,7255.0,11.986188210415014,3.125826063970394
485,,,,,,,,646842.0,06,46842,"Menifee city, California",79604.0,37.9,54903.0,23478.0,8108.0,10.18541781820009,7.726998643284257
486,,,,,,,,665042.0,06,65042,"San Buenaventura (Ventura) city, California",107551.0,39.3,65137.0,32311.0,11290.0,10.497345445416594,5.1463956634526875
487,,,,,,,,1269700.0,12,69700,"Sunrise city, Florida",86834.0,38.7,48642.0,23524.0,10937.0,12.595296773153374,5.710896653384619
488,,,,,,,,2052575.0,20,52575,"Olathe city, Kansas",128050.0,33.6,76379.0,31557.0,9146.0,7.142522452167122,3.296368606013276
489,,,,,,,,2688940.0,26,88940,"Wyoming city, Michigan",72864.0,32.8,45477.0,21246.0,12106.0,16.6145147123408,6.243137900746596
490,,,,,,,,3421000.0,34,21000,"Elizabeth city, New Jersey",125888.0,32.3,44110.0,19061.0,22680.0,18.016014234875446,6.555033045246568
491,,,,,,,,3436000.0,34,36000,"Jersey City city, New Jersey",251717.0,33.3,58206.0,32751.0,45824.0,18.204571006328536,6.1215571455245374
492,,,,,,,,3570500.0,35,70500,"Santa Fe city, New Mexico",68800.0,44.2,50283.0,33887.0,12090.0,17.572674418604652,5.3648255813953485
493,,,,,,,,3601000.0,36,01000,"Albany city, New York",98142.0,30.7,40287.0,23860.0,22337.0,22.759878543335166,5.189419412687738
494,,,,,,,,3611000.0,36,11000,"Buffalo city, New York",260568.0,33.5,30942.0,20392.0,77299.0,29.665576740044827,6.562586349820393
495,,,,,,,,3663000.0,36,63000,"Rochester city, New York",210624.0,31.1,30875.0,18847.0,66312.0,31.48359161349134,6.557657247037374
496,,,,,,,,3684000.0,36,84000,"Yonkers city, New York",197493.0,37.6,59195.0,29679.0,30362.0,15.3737094479298,4.6507977497936634
497,,,,,,,,4801000.0,48,01000,"Abilene city, Texas",119721.0,31.2,42559.0,20762.0,20778.0,17.355351191520285,3.175716875067866
498,,,,,,,,5370000.0,53,70000,"Tacoma city, Washington",200890.0,35.3,50503.0,26147.0,35120.0,17.4822041913485,5.995818607197969
499,,,,,,,,5374060.0,53,74060,"Vancouver city, Washington",164111.0,36.6,48979.0,25871.0,26758.0,16.304818080445553,6.285380017183492
