,Average Temperature,Historic Low Temp,Average High Temp,Average Low Temp,Historic High Temp,State,City,CityFIPS
56,63.0,11.0,83.0,42.0,104.0,Alabama,Birmingham,107000.0
2851,63.0,11.0,83.0,42.0,104.0,Alabama,Hoover,135896.0
3713,59.0,5.0,81.0,37.0,102.0,Alabama,Huntsville,137000.0
5549,67.0,18.0,84.0,48.0,102.0,Alabama,Mobile,150000.0
7779,64.0,16.0,85.0,45.0,102.0,Alabama,Montgomery,151000.0
9542,63.0,1.0,85.0,42.0,103.0,Alabama,Tuscaloosa,177256.0
10650,39.0,-24.0,57.0,19.0,86.0,Alaska,Anchorage,203000.0
12246,79.0,23.0,97.0,54.0,131.0,Arizona,Avondale,404720.0
12945,77.0,21.0,95.0,51.0,117.0,Arizona,Chandler,412000.0
14753,74.0,25.0,95.0,51.0,120.0,Arizona,Gilbert,427400.0
16092,78.0,28.0,97.0,53.0,120.0,Arizona,Glendale,427820.0
17898,76.0,25.0,96.0,53.0,117.0,Arizona,Mesa,446000.0
21426,78.0,28.0,97.0,53.0,120.0,Arizona,Peoria,454050.0
22839,74.0,25.0,94.0,53.0,117.0,Arizona,Phoenix,455000.0
32936,76.0,27.0,95.0,54.0,118.0,Arizona,Scottsdale,465000.0
34780,75.0,25.0,95.0,52.0,118.0,Arizona,Surprise,471510.0
35697,78.0,30.0,97.0,56.0,119.0,Arizona,Tempe,473000.0
36844,71.0,17.0,93.0,48.0,113.0,Arizona,Tucson,477000.0
40980,76.0,28.0,99.0,51.0,118.0,Arizona,Yuma,485540.0
41923,56.0,-18.0,80.0,33.0,106.0,Arkansas,Fayetteville,523290.0
42450,62.0,3.0,86.0,40.0,113.0,Arkansas,Fort Smith,524550.0
43094,59.0,5.0,82.0,39.0,104.0,Arkansas,Jonesboro,535710.0
43588,62.0,10.0,84.0,42.0,108.0,Arkansas,Little Rock,541000.0
45098,61.0,-4.0,83.0,35.0,109.0,Arkansas,Springdale,566080.0
45602,58.0,30.0,78.0,45.0,101.0,California,Alameda,600562.0
46106,65.0,36.0,86.0,52.0,112.0,California,Alhambra,600884.0
46722,66.0,32.0,90.0,51.0,111.0,California,Anaheim,602000.0
48955,60.0,24.0,86.0,42.0,109.0,California,Antioch,602252.0
49571,65.0,12.0,89.0,40.0,114.0,California,Apple Valley,602364.0
49991,69.0,25.0,91.0,47.0,111.0,California,Bakersfield,603526.0
52315,65.0,36.0,86.0,52.0,112.0,California,Baldwin Park,603666.0
52873,65.0,35.0,88.0,51.0,109.0,California,Bellflower,604982.0
53433,58.0,30.0,78.0,45.0,101.0,California,Berkeley,606000.0
54413,66.0,32.0,90.0,51.0,111.0,California,Buena Park,608786.0
54973,66.0,31.0,90.0,49.0,112.0,California,Burbank,608954.0
55673,63.0,32.0,80.0,52.0,103.0,California,Carlsbad,611194.0
56311,65.0,35.0,88.0,51.0,109.0,California,Carson,611530.0
56926,65.0,19.0,85.0,44.0,111.0,California,Chico,613014.0
57649,65.0,23.0,92.0,45.0,115.0,California,Chino,613210.0
58209,65.0,23.0,92.0,45.0,115.0,California,Chino Hills,613214.0
58601,62.0,30.0,84.0,47.0,106.0,California,Chula Vista,613392.0
59974,63.0,23.0,86.0,42.0,108.0,California,Citrus Heights,613588.0
60673,68.0,27.0,90.0,47.0,112.0,California,Clovis,614218.0
61399,65.0,35.0,88.0,51.0,109.0,California,Compton,615044.0
62265,58.0,30.0,78.0,45.0,101.0,California,Concord,616000.0
63159,63.0,20.0,92.0,38.0,110.0,California,Corona,616350.0
64195,65.0,35.0,85.0,53.0,107.0,California,Costa Mesa,616532.0
64973,58.0,34.0,78.0,47.0,98.0,California,Daly City,617918.0
65589,65.0,35.0,88.0,51.0,109.0,California,Downey,619766.0
66259,65.0,30.0,90.0,47.0,113.0,California,El Cajon,621712.0
67098,62.0,22.0,87.0,43.0,109.0,California,Elk Grove,622020.0
67938,65.0,36.0,86.0,52.0,112.0,California,El Monte,622230.0
68862,63.0,32.0,80.0,52.0,103.0,California,Escondido,622804.0
69894,60.0,18.0,86.0,41.0,109.0,California,Fairfield,623182.0
70702,62.0,19.0,86.0,40.0,109.0,California,Folsom,624638.0
71234,66.0,28.0,91.0,48.0,112.0,California,Fontana,624680.0
72269,60.0,1.0,81.0,46.0,105.0,California,Fremont,626000.0
73529,68.0,27.0,90.0,47.0,112.0,California,Fresno,627000.0
77107,66.0,32.0,90.0,51.0,111.0,California,Fullerton,628000.0
78086,63.0,32.0,86.0,49.0,109.0,California,Garden Grove,629000.0
79372,66.0,31.0,90.0,49.0,112.0,California,Glendale,630000.0
80601,64.0,34.0,83.0,53.0,110.0,California,Hawthorne,632548.0
81323,58.0,30.0,78.0,45.0,101.0,California,Hayward,633000.0
82442,63.0,22.0,90.0,41.0,109.0,California,Hemet,633182.0
83167,65.0,12.0,89.0,40.0,112.0,California,Hesperia,633434.0
83697,63.0,32.0,86.0,49.0,109.0,California,Huntington Beach,636000.0
84569,74.0,19.0,99.0,48.0,123.0,California,Indio,636448.0
85710,64.0,34.0,83.0,53.0,110.0,California,Inglewood,636546.0
86657,65.0,35.0,85.0,53.0,107.0,California,Irvine,636770.0
87742,65.0,35.0,85.0,53.0,107.0,California,Lake Forest,639496.0
88246,65.0,35.0,88.0,51.0,109.0,California,Lakewood,639892.0
88834,63.0,9.0,89.0,38.0,111.0,California,Lancaster,640130.0
89841,60.0,24.0,86.0,42.0,109.0,California,Livermore,641992.0
90428,65.0,35.0,88.0,51.0,109.0,California,Long Beach,643000.0
93563,63.0,37.0,82.0,51.0,102.0,California,Los Angeles,644000.0
121004,65.0,35.0,88.0,51.0,109.0,California,Lynwood,644574.0
121708,64.0,22.0,87.0,42.0,110.0,California,Manteca,645484.0
123303,65.0,21.0,87.0,42.0,109.0,California,Merced,646898.0
123918,60.0,25.0,83.0,45.0,107.0,California,Milpitas,647766.0
124442,65.0,35.0,85.0,53.0,107.0,California,Mission Viejo,648256.0
125142,65.0,24.0,87.0,44.0,111.0,California,Modesto,648354.0
126534,63.0,22.0,90.0,41.0,109.0,California,Moreno Valley,649270.0
127804,60.0,1.0,81.0,46.0,105.0,California,Mountain View,649670.0
128466,63.0,22.0,90.0,41.0,109.0,California,Murrieta,650076.0
129018,57.0,19.0,82.0,38.0,105.0,California,Napa,650258.0
129741,65.0,35.0,85.0,53.0,107.0,California,Newport Beach,651182.0
130413,66.0,32.0,90.0,51.0,111.0,California,Norwalk,652526.0
131057,58.0,30.0,78.0,45.0,101.0,California,Oakland,653000.0
134273,61.0,9.0,81.0,44.0,104.0,California,Oceanside,653322.0
135280,66.0,28.0,91.0,48.0,112.0,California,Ontario,653896.0
136424,65.0,35.0,85.0,53.0,107.0,California,Orange,653980.0
137432,60.0,32.0,79.0,49.0,103.0,California,Oxnard,654652.0
138580,64.0,15.0,89.0,41.0,110.0,California,Palmdale,655156.0
139722,66.0,31.0,90.0,49.0,112.0,California,Pasadena,656000.0
140814,63.0,22.0,90.0,41.0,109.0,California,Perris,656700.0
141178,60.0,24.0,86.0,42.0,109.0,California,Pleasanton,657792.0
141625,65.0,23.0,92.0,45.0,115.0,California,Pomona,658072.0
142600,66.0,28.0,91.0,48.0,112.0,California,Rancho Cucamonga,659451.0
143468,66.0,16.0,90.0,42.0,114.0,California,Redding,659920.0
144361,63.0,22.0,90.0,41.0,109.0,California,Redlands,659962.0
144893,67.0,34.0,86.0,50.0,109.0,California,Redondo Beach,660018.0
145313,60.0,32.0,81.0,47.0,108.0,California,Redwood City,660102.0
145954,66.0,28.0,91.0,48.0,112.0,California,Rialto,660466.0
146822,58.0,30.0,78.0,45.0,101.0,California,Richmond,660620.0
147692,67.0,30.0,92.0,48.0,113.0,California,Riverside,662000.0
149814,63.0,23.0,86.0,42.0,108.0,California,Roseville,662938.0
150703,62.0,22.0,87.0,43.0,109.0,California,Sacramento,664000.0
154062,56.0,28.0,76.0,44.0,101.0,California,Salinas,664224.0
155035,67.0,30.0,92.0,48.0,113.0,California,San Bernardino,665000.0
157439,63.0,35.0,85.0,50.0,107.0,California,San Diego,666000.0
165573,58.0,34.0,78.0,47.0,98.0,California,San Francisco,667000.0
171270,64.0,27.0,85.0,46.0,108.0,California,San Jose,668000.0
177446,58.0,30.0,78.0,45.0,101.0,California,San Leandro,668084.0
178057,63.0,32.0,80.0,52.0,103.0,California,San Marcos,668196.0
178617,60.0,32.0,81.0,47.0,108.0,California,San Mateo,668252.0
179402,60.0,24.0,86.0,42.0,109.0,California,San Ramon,668378.0
179860,65.0,35.0,85.0,53.0,107.0,California,Santa Ana,669000.0
181670,60.0,29.0,81.0,44.0,101.0,California,Santa Barbara,669070.0
182398,60.0,25.0,83.0,45.0,107.0,California,Santa Clara,669084.0
183151,71.0,34.0,93.0,51.0,113.0,California,Santa Clarita,669088.0
184572,57.0,26.0,82.0,42.0,105.0,California,Santa Maria,669196.0
185153,63.0,37.0,82.0,51.0,102.0,California,Santa Monica,670000.0
185741,57.0,21.0,85.0,38.0,109.0,California,Santa Rosa,670098.0
186805,66.0,30.0,91.0,49.0,111.0,California,Simi Valley,672016.0
187639,65.0,36.0,86.0,52.0,112.0,California,South Gate,673080.0
188255,64.0,22.0,87.0,42.0,110.0,California,Stockton,675000.0
190315,60.0,1.0,81.0,46.0,105.0,California,Sunnyvale,677000.0
191232,61.0,25.0,85.0,42.0,108.0,California,Temecula,678120.0
191906,62.0,32.0,83.0,47.0,104.0,California,Thousand Oaks,678582.0
192793,67.0,34.0,86.0,50.0,109.0,California,Torrance,680000.0
193689,63.0,22.0,87.0,42.0,110.0,California,Tracy,680238.0
194165,65.0,24.0,87.0,44.0,111.0,California,Turlock,680812.0
194641,65.0,35.0,85.0,53.0,107.0,California,Tustin,680854.0
195304,61.0,28.0,81.0,45.0,108.0,California,Union City,681204.0
195809,66.0,28.0,91.0,48.0,112.0,California,Upland,681344.0
196340,63.0,21.0,88.0,42.0,112.0,California,Vacaville,681554.0
196982,57.0,19.0,82.0,38.0,105.0,California,Vallejo,681666.0
197962,65.0,12.0,88.0,39.0,110.0,California,Victorville,682590.0
198576,66.0,23.0,88.0,44.0,109.0,California,Visalia,682954.0
199244,63.0,32.0,80.0,52.0,103.0,California,Vista,682996.0
200056,66.0,32.0,90.0,51.0,111.0,California,West Covina,684200.0
201008,63.0,32.0,86.0,49.0,109.0,California,Westminster,684550.0
201680,66.0,32.0,90.0,51.0,111.0,California,Whittier,685292.0
202380,52.0,-13.0,78.0,28.0,104.0,Colorado,Arvada,803455.0
203388,49.0,-17.0,78.0,25.0,102.0,Colorado,Aurora,804000.0
205880,52.0,-13.0,78.0,27.0,104.0,Colorado,Boulder,807850.0
206719,50.0,-17.0,77.0,25.0,100.0,Colorado,Centennial,812815.0
207853,50.0,-15.0,77.0,25.0,100.0,Colorado,Colorado Springs,816000.0
210854,49.0,-17.0,78.0,25.0,102.0,Colorado,Denver,820000.0
214902,50.0,-18.0,79.0,24.0,103.0,Colorado,Fort Collins,827425.0
216275,49.0,-32.0,79.0,21.0,106.0,Colorado,Greeley,832155.0
217352,52.0,-13.0,78.0,28.0,104.0,Colorado,Lakewood,843000.0
218637,52.0,-13.0,78.0,27.0,104.0,Colorado,Longmont,845970.0
219276,50.0,-18.0,79.0,24.0,103.0,Colorado,Loveland,846465.0
219780,53.0,-20.0,84.0,25.0,107.0,Colorado,Pueblo,862000.0
220922,52.0,-13.0,78.0,28.0,104.0,Colorado,Thornton,877290.0
221924,52.0,-13.0,78.0,27.0,104.0,Colorado,Westminster,883835.0
222929,53.0,-2.0,74.0,35.0,103.0,Connecticut,Bridgeport,908000.0
224042,49.0,-14.0,74.0,28.0,97.0,Connecticut,Danbury,918430.0
224525,51.0,-8.0,75.0,31.0,103.0,Connecticut,Hartford,937000.0
225700,51.0,-8.0,75.0,31.0,103.0,Connecticut,New Britain,950370.0
226340,52.0,-3.0,72.0,33.0,100.0,Connecticut,New Haven,952000.0
227264,53.0,-2.0,74.0,35.0,103.0,Connecticut,Norwalk,955990.0
227936,51.0,-1.0,74.0,33.0,99.0,Connecticut,Stamford,973000.0
228692,49.0,-9.0,72.0,29.0,97.0,Connecticut,Waterbury,980000.0
229533,56.0,3.0,79.0,37.0,103.0,Delaware,Wilmington,1077580.0
230260,58.0,5.0,81.0,41.0,105.0,District of Columbia,Washington,1150000.0
235333,77.0,32.0,89.0,60.0,102.0,Florida,Boca Raton,1207300.0
236132,75.0,32.0,89.0,59.0,98.0,Florida,Boynton Beach,1207875.0
236860,73.0,30.0,90.0,58.0,97.0,Florida,Cape Coral,1210275.0
237756,72.0,30.0,88.0,58.0,97.0,Florida,Clearwater,1212875.0
238820,76.0,34.0,89.0,61.0,99.0,Florida,Coral Springs,1214400.0
239604,75.0,34.0,90.0,61.0,117.0,Florida,Davie,1216475.0
240276,77.0,32.0,89.0,60.0,102.0,Florida,Deerfield Beach,1216725.0
240808,70.0,25.0,89.0,54.0,100.0,Florida,Deltona,1217200.0
241368,76.0,34.0,89.0,61.0,99.0,Florida,Fort Lauderdale,1224000.0
242852,68.0,17.0,87.0,48.0,99.0,Florida,Gainesville,1225175.0
243987,75.0,33.0,89.0,61.0,108.0,Florida,Hialeah,1230000.0
245242,75.0,34.0,89.0,61.0,117.0,Florida,Hollywood,1232000.0
246278,71.0,24.0,88.0,55.0,102.0,Florida,Jacksonville,1235000.0
250932,71.0,27.0,89.0,54.0,102.0,Florida,Lakeland,1238250.0
252174,72.0,30.0,88.0,58.0,97.0,Florida,Largo,1239425.0
253237,76.0,34.0,89.0,61.0,99.0,Florida,Lauderhill,1239550.0
253713,73.0,30.0,87.0,60.0,99.0,Florida,Melbourne,1243975.0
254464,76.0,36.0,89.0,62.0,98.0,Florida,Miami,1245000.0
257429,76.0,36.0,89.0,62.0,98.0,Florida,Miami Beach,1245025.0
258292,75.0,34.0,90.0,61.0,117.0,Florida,Miami Gardens,1245060.0
259017,75.0,34.0,90.0,61.0,117.0,Florida,Miramar,1245975.0
259521,71.0,28.0,89.0,57.0,99.0,Florida,Orlando,1253000.0
261813,73.0,30.0,87.0,60.0,99.0,Florida,Palm Bay,1254000.0
262317,73.0,25.0,88.0,50.0,99.0,Florida,Palm Coast,1254200.0
262820,75.0,34.0,90.0,61.0,117.0,Florida,Pembroke Pines,1255775.0
263716,76.0,34.0,89.0,61.0,99.0,Florida,Plantation,1257425.0
264331,76.0,34.0,88.0,61.0,102.0,Florida,Pompano Beach,1258050.0
265115,75.0,23.0,88.0,59.0,102.0,Florida,Port St. Lucie,1258715.0
265786,74.0,33.0,87.0,62.0,98.0,Florida,St. Petersburg,1263000.0
268474,67.0,14.0,88.0,46.0,103.0,Florida,Tallahassee,1270600.0
270200,73.0,25.0,88.0,57.0,99.0,Florida,Tampa,1271000.0
273379,75.0,32.0,89.0,59.0,98.0,Florida,West Palm Beach,1276600.0
274351,65.0,16.0,87.0,46.0,104.0,Georgia,Albany,1301052.0
275106,60.0,7.0,84.0,41.0,108.0,Georgia,Athens,1303440.0
276002,61.0,10.0,82.0,41.0,103.0,Georgia,Atlanta,1304000.0
279724,62.0,10.0,87.0,41.0,106.0,Georgia,Augusta,1304204.0
281096,65.0,16.0,85.0,46.0,104.0,Georgia,Columbus,1319000.0
282636,60.0,9.0,82.0,41.0,104.0,Georgia,Johns Creek,1342425.0
283084,62.0,11.0,86.0,41.0,106.0,Georgia,Macon,1349000.0
284145,60.0,9.0,82.0,41.0,104.0,Georgia,Roswell,1367284.0
284705,60.0,9.0,82.0,41.0,104.0,Georgia,Sandy Springs,1368516.0
285458,65.0,18.0,86.0,47.0,99.0,Georgia,Savannah,1369000.0
287013,63.0,15.0,86.0,44.0,107.0,Georgia,Warner Robins,1380508.0
287601,79.0,55.0,87.0,68.0,93.0,Hawaii,Honolulu,15003.0
294322,55.0,-11.0,78.0,31.0,110.0,Idaho,Boise City,1608830.0
295638,55.0,-11.0,78.0,31.0,110.0,Idaho,Meridian,1652120.0
295918,53.0,-19.0,77.0,29.0,109.0,Idaho,Nampa,1656260.0
296392,50.0,-21.0,74.0,29.0,103.0,Illinois,Arlington Heights,1702154.0
297096,48.0,-25.0,73.0,25.0,98.0,Illinois,Aurora,1703012.0
298318,51.0,-21.0,75.0,29.0,100.0,Illinois,Bloomington,1706613.0
299046,50.0,-23.0,74.0,27.0,97.0,Illinois,Bolingbrook,1707133.0
299578,51.0,-16.0,76.0,28.0,100.0,Illinois,Champaign,1712385.0
300245,52.0,-22.0,75.0,31.0,102.0,Illinois,Chicago,1714000.0
322614,52.0,-22.0,75.0,31.0,102.0,Illinois,Cicero,1714351.0
323118,53.0,-16.0,77.0,30.0,104.0,Illinois,Decatur,1718823.0
323986,49.0,-24.0,73.0,26.0,99.0,Illinois,Elgin,1723074.0
324824,50.0,-21.0,74.0,29.0,103.0,Illinois,Evanston,1724582.0
325384,51.0,-21.0,75.0,27.0,100.0,Illinois,Joliet,1738570.0
326725,50.0,-23.0,74.0,27.0,97.0,Illinois,Naperville,1751622.0
327814,50.0,-21.0,74.0,29.0,103.0,Illinois,Palatine,1757225.0
328290,52.0,-20.0,77.0,29.0,104.0,Illinois,Peoria,1759000.0
329382,49.0,-25.0,74.0,26.0,102.0,Illinois,Rockford,1765000.0
330997,50.0,-23.0,75.0,29.0,103.0,Illinois,Schaumburg,1768003.0
331778,53.0,-14.0,78.0,30.0,103.0,Illinois,Springfield,1772000.0
333070,47.0,-23.0,72.0,26.0,104.0,Illinois,Waukegan,1779293.0
333854,52.0,-16.0,77.0,29.0,103.0,Indiana,Bloomington,1805860.0
334520,53.0,-13.0,76.0,31.0,102.0,Indiana,Carmel,1810342.0
334995,56.0,-3.0,80.0,34.0,107.0,Indiana,Evansville,1822000.0
336274,53.0,-13.0,76.0,31.0,102.0,Indiana,Fishers,1823278.0
336582,50.0,-15.0,75.0,28.0,103.0,Indiana,Fort Wayne,1825000.0
338865,52.0,-20.0,76.0,30.0,100.0,Indiana,Gary,1827000.0
339798,52.0,-20.0,76.0,30.0,100.0,Indiana,Hammond,1831000.0
340385,53.0,-14.0,77.0,31.0,105.0,Indiana,Indianapolis,1836003.0
346348,51.0,-18.0,75.0,28.0,101.0,Indiana,Lafayette,1840788.0
347046,52.0,-13.0,76.0,29.0,97.0,Indiana,Muncie,1851876.0
347822,49.0,-20.0,74.0,27.0,100.0,Indiana,South Bend,1871000.0
349132,48.0,-25.0,73.0,24.0,102.0,Iowa,Cedar Rapids,1912000.0
350243,50.0,-26.0,76.0,24.0,100.0,Iowa,Davenport,1919000.0
351245,52.0,-20.0,78.0,28.0,105.0,Iowa,Des Moines,1921000.0
352977,50.0,-24.0,74.0,26.0,105.0,Iowa,Iowa City,1938595.0
353509,49.0,-24.0,77.0,22.0,104.0,Iowa,Sioux City,1973335.0
354208,47.0,-26.0,73.0,21.0,103.0,Iowa,Waterloo,1982425.0
355020,57.0,-7.0,81.0,35.0,105.0,Kansas,Kansas City,2036000.0
356830,54.0,-15.0,81.0,28.0,107.0,Kansas,Lawrence,2038900.0
358230,55.0,-9.0,79.0,32.0,103.0,Kansas,Overland Park,2053775.0
359659,55.0,-9.0,83.0,31.0,109.0,Kansas,Topeka,2071000.0
360806,57.0,-15.0,84.0,33.0,109.0,Kansas,Wichita,2079000.0
363933,55.0,-7.0,79.0,32.0,105.0,Kentucky,Lexington,2146027.0
366284,58.0,-3.0,81.0,37.0,104.0,Kentucky,Louisville,2148006.0
371460,67.0,19.0,87.0,46.0,106.0,Louisiana,Baton Rouge,2205000.0
373349,69.0,21.0,87.0,52.0,101.0,Louisiana,Kenner,2239475.0
373948,68.0,19.0,86.0,49.0,101.0,Louisiana,Lafayette,2240735.0
374956,67.0,19.0,86.0,48.0,102.0,Louisiana,Lake Charles,2241155.0
375628,70.0,23.0,85.0,56.0,99.0,Louisiana,New Orleans,2255000.0
380578,66.0,16.0,88.0,44.0,108.0,Louisiana,Shreveport,2270000.0
382336,46.0,-17.0,72.0,26.0,100.0,Maine,Portland,2360545.0
382951,58.0,1.0,80.0,41.0,107.0,Maryland,Baltimore,2404000.0
388606,51.0,-6.0,76.0,34.0,103.0,Massachusetts,Boston,2507000.0
393583,49.0,-21.0,76.0,25.0,101.0,Massachusetts,Brockton,2509000.0
394221,51.0,-6.0,76.0,34.0,103.0,Massachusetts,Cambridge,2511000.0
395174,50.0,-12.0,73.0,28.0,102.0,Massachusetts,Fall River,2523000.0
395929,50.0,-9.0,75.0,30.0,103.0,Massachusetts,Lawrence,2534550.0
396489,50.0,-9.0,75.0,30.0,103.0,Massachusetts,Lowell,2537000.0
397245,49.0,-8.0,74.0,29.0,100.0,Massachusetts,Lynn,2537490.0
397917,50.0,-12.0,73.0,28.0,102.0,Massachusetts,New Bedford,2545000.0
398842,51.0,-6.0,76.0,34.0,103.0,Massachusetts,Newton,2545560.0
399401,51.0,-6.0,76.0,34.0,103.0,Massachusetts,Quincy,2555745.0
400017,51.0,-6.0,76.0,34.0,103.0,Massachusetts,Somerville,2562535.0
400577,48.0,-21.0,74.0,24.0,101.0,Massachusetts,Springfield,2567000.0
401670,49.0,-14.0,74.0,28.0,103.0,Massachusetts,Worcester,2582000.0
402953,47.0,-30.0,73.0,22.0,102.0,Michigan,Ann Arbor,2603000.0
404006,50.0,-14.0,74.0,30.0,101.0,Michigan,Dearborn,2621000.0
404734,50.0,-12.0,74.0,31.0,100.0,Michigan,Detroit,2622000.0
413069,48.0,-19.0,72.0,27.0,99.0,Michigan,Farmington Hills,2627440.0
413769,48.0,-21.0,74.0,25.0,100.0,Michigan,Flint,2629000.0
414724,50.0,-12.0,74.0,31.0,100.0,Michigan,Troy,2680700.0
414946,49.0,-11.0,73.0,28.0,101.0,Michigan,Grand Rapids,2634000.0
416459,49.0,-15.0,73.0,27.0,103.0,Michigan,Kalamazoo,2642160.0
417150,48.0,-14.0,73.0,26.0,98.0,Michigan,Lansing,2646000.0
418454,50.0,-14.0,74.0,30.0,101.0,Michigan,Livonia,2649000.0
419378,48.0,-19.0,72.0,27.0,99.0,Michigan,Rochester Hills,2669035.0
419994,50.0,-12.0,74.0,31.0,100.0,Michigan,Southfield,2674900.0
420694,48.0,-16.0,72.0,28.0,97.0,Michigan,Sterling Heights,2676460.0
422174,50.0,-12.0,74.0,31.0,100.0,Michigan,Warren,2684000.0
423427,50.0,-14.0,74.0,30.0,101.0,Michigan,Westland,2686000.0
424624,47.0,-28.0,72.0,25.0,101.0,Minnesota,Bloomington,2706616.0
425268,46.0,-29.0,71.0,23.0,98.0,Minnesota,Brooklyn Park,2707966.0
425688,42.0,-26.0,65.0,23.0,93.0,Minnesota,Duluth,2717000.0
426751,47.0,-28.0,72.0,25.0,101.0,Minnesota,Minneapolis,2743000.0
429960,46.0,-29.0,71.0,23.0,98.0,Minnesota,Plymouth,2751730.0
430026,45.0,-29.0,70.0,21.0,96.0,Minnesota,Rochester,2754880.0
431423,46.0,-27.0,70.0,25.0,97.0,Minnesota,St. Paul,2758000.0
433747,68.0,18.0,84.0,50.0,102.0,Mississippi,Gulfport,2829700.0
434414,64.0,13.0,86.0,45.0,102.0,Mississippi,Jackson,2836000.0
435976,55.0,-11.0,80.0,32.0,106.0,Missouri,Columbia,2915670.0
436704,56.0,-8.0,79.0,33.0,104.0,Missouri,Independence,2935000.0
437618,57.0,-7.0,81.0,35.0,105.0,Missouri,Kansas City,2938000.0
442339,56.0,-8.0,79.0,33.0,104.0,Missouri,Lee's Summit,2941348.0
443030,55.0,-11.0,81.0,31.0,106.0,Missouri,O'Fallon,2954074.0
443694,53.0,-17.0,79.0,28.0,104.0,Missouri,St. Joseph,2964550.0
444422,56.0,-7.0,80.0,33.0,105.0,Missouri,St. Louis,2965000.0
447446,56.0,-10.0,81.0,32.0,106.0,Missouri,Springfield,2970000.0
449004,49.0,-21.0,76.0,23.0,103.0,Montana,Billings,3006550.0
449840,47.0,-19.0,72.0,22.0,104.0,Montana,Missoula,3050200.0
450344,52.0,-19.0,80.0,26.0,105.0,Nebraska,Lincoln,3128000.0
452346,53.0,-12.0,79.0,29.0,103.0,Nebraska,Omaha,3137000.0
456560,73.0,23.0,92.0,51.0,115.0,Nevada,Henderson,3231900.0
458515,71.0,24.0,91.0,50.0,114.0,Nevada,Las Vegas,3240000.0
462934,71.0,22.0,92.0,49.0,115.0,Nevada,North Las Vegas,3251800.0
464385,57.0,-6.0,82.0,33.0,104.0,Nevada,Reno,3260600.0
466419,57.0,-6.0,82.0,33.0,104.0,Nevada,Sparks,3268400.0
467200,49.0,-10.0,74.0,29.0,100.0,New Hampshire,Manchester,3345140.0
468068,48.0,-15.0,75.0,27.0,102.0,New Hampshire,Nashua,3350260.0
468627,56.0,3.0,79.0,38.0,103.0,New Jersey,Camden,3410000.0
469215,54.0,1.0,78.0,36.0,103.0,New Jersey,Clifton,3413690.0
472409,55.0,1.0,79.0,37.0,108.0,New Jersey,Newark,3451000.0
474897,54.0,1.0,78.0,36.0,103.0,New Jersey,Passaic,3456550.0
475345,52.0,-1.0,76.0,32.0,102.0,New Jersey,Paterson,3457000.0
476325,54.0,-1.0,78.0,34.0,105.0,New Jersey,Trenton,3474000.0
477081,54.0,1.0,78.0,36.0,103.0,New Jersey,Union City,3474630.0
477640,60.0,-6.0,81.0,37.0,102.0,New Mexico,Albuquerque,3502000.0
481539,53.0,-11.0,78.0,29.0,100.0,New Mexico,Rio Rancho,3563460.0
481612,64.0,0.0,86.0,40.0,106.0,New Mexico,Las Cruces,3539380.0
486959,56.0,3.0,78.0,39.0,104.0,New York,Mount Vernon,3649121.0
487575,56.0,3.0,78.0,39.0,104.0,New York,New Rochelle,3650617.0
488051,54.0,3.0,75.0,38.0,103.0,New York,New York,3651000.0
550325,51.0,-12.0,75.0,28.0,99.0,New York,Schenectady,3665508.0
550941,48.0,-17.0,74.0,26.0,101.0,New York,Syracuse,3673000.0
554046,55.0,-1.0,78.0,35.0,98.0,North Carolina,Asheville,3702140.0
555018,59.0,4.0,83.0,39.0,105.0,North Carolina,Cary,3710740.0
556218,60.0,6.0,83.0,39.0,104.0,North Carolina,Charlotte,3712000.0
561876,59.0,7.0,82.0,39.0,100.0,North Carolina,Concord,3714100.0
562588,59.0,4.0,83.0,39.0,105.0,North Carolina,Durham,3719000.0
564385,61.0,8.0,84.0,41.0,103.0,North Carolina,Fayetteville,3722920.0
565910,59.0,6.0,82.0,39.0,105.0,North Carolina,Gastonia,3725580.0
566995,58.0,5.0,81.0,38.0,100.0,North Carolina,Greensboro,3728000.0
569329,60.0,-4.0,82.0,39.0,100.0,North Carolina,Greenville,3728080.0
570053,58.0,5.0,81.0,38.0,100.0,North Carolina,High Point,3731400.0
571088,61.0,9.0,83.0,42.0,99.0,North Carolina,Jacksonville,3734200.0
571610,59.0,4.0,83.0,39.0,105.0,North Carolina,Raleigh,3755000.0
574365,64.0,11.0,85.0,42.0,103.0,North Carolina,Wilmington,3774440.0
575289,58.0,4.0,80.0,39.0,102.0,North Carolina,Winston-Salem,3775000.0
575386,43.0,-33.0,70.0,17.0,100.0,North Dakota,Fargo,3825700.0
578107,51.0,-11.0,75.0,29.0,98.0,Ohio,Akron,3901000.0
580059,50.0,-11.0,75.0,29.0,101.0,Ohio,Canton,3912000.0
580949,53.0,-16.0,78.0,31.0,99.0,Ohio,Cincinnati,3915000.0
584303,52.0,-10.0,76.0,35.0,97.0,Ohio,Cleveland,3916000.0
589284,53.0,-10.0,78.0,32.0,101.0,Ohio,Columbus,3918000.0
595932,52.0,-12.0,77.0,30.0,99.0,Ohio,Dayton,3921000.0
597766,51.0,-12.0,76.0,31.0,98.0,Ohio,Parma,3961000.0
598438,50.0,-13.0,75.0,29.0,100.0,Ohio,Toledo,3977000.0
601266,49.0,-13.0,75.0,27.0,98.0,Ohio,Youngstown,3988000.0
602218,60.0,-13.0,85.0,37.0,111.0,Oklahoma,Broken Arrow,4009050.0
603389,61.0,-16.0,86.0,37.0,111.0,Oklahoma,Edmond,4023200.0
604060,62.0,-2.0,87.0,39.0,109.0,Oklahoma,Lawton,4041850.0
604899,61.0,0.0,85.0,38.0,109.0,Oklahoma,Norman,4052500.0
605791,60.0,-6.0,86.0,38.0,113.0,Oklahoma,Oklahoma City,4055000.0
611954,61.0,-11.0,86.0,37.0,112.0,Oklahoma,Tulsa,4075000.0
615750,54.0,7.0,76.0,34.0,106.0,Oregon,Beaverton,4105350.0
616637,54.0,-10.0,77.0,32.0,105.0,Oregon,Bend,4105800.0
617029,54.0,-10.0,77.0,34.0,106.0,Oregon,Eugene,4123850.0
618313,56.0,15.0,76.0,38.0,105.0,Oregon,Gresham,4131250.0
619069,54.0,7.0,76.0,34.0,106.0,Oregon,Hillsboro,4134100.0
619793,58.0,3.0,83.0,36.0,112.0,Oregon,Medford,4147000.0
620461,56.0,12.0,77.0,39.0,106.0,Oregon,Portland,4159000.0
624983,56.0,8.0,78.0,36.0,108.0,Oregon,Salem,4164900.0
626152,52.0,-4.0,77.0,30.0,104.0,Pennsylvania,Allentown,4202000.0
626937,52.0,-4.0,77.0,30.0,104.0,Pennsylvania,Bethlehem,4206088.0
627496,50.0,-18.0,75.0,30.0,96.0,Pennsylvania,Erie,4224000.0
628392,55.0,2.0,79.0,36.0,105.0,Pennsylvania,Philadelphia,4260000.0
639138,52.0,-8.0,76.0,31.0,95.0,Pennsylvania,Pittsburgh,4261000.0
642925,53.0,-1.0,77.0,33.0,106.0,Pennsylvania,Reading,4263624.0
643733,50.0,-8.0,75.0,28.0,98.0,Pennsylvania,Scranton,4269000.0
644545,51.0,-5.0,75.0,32.0,101.0,Rhode Island,Cranston,4419180.0
645076,49.0,-8.0,74.0,28.0,97.0,Rhode Island,Pawtucket,4454640.0
645720,51.0,-5.0,75.0,32.0,101.0,Rhode Island,Providence,4459000.0
646869,51.0,-5.0,75.0,32.0,101.0,Rhode Island,Warwick,4474300.0
647537,65.0,16.0,86.0,46.0,99.0,South Carolina,Charleston,4513330.0
648826,63.0,16.0,86.0,45.0,106.0,South Carolina,Columbia,4516000.0
650709,65.0,16.0,86.0,46.0,99.0,South Carolina,Mount Pleasant,4548535.0
651134,65.0,16.0,86.0,46.0,99.0,South Carolina,North Charleston,4550875.0
652002,59.0,6.0,82.0,39.0,103.0,South Carolina,Rock Hill,4561405.0
652670,47.0,-18.0,77.0,22.0,104.0,South Dakota,Rapid City,4652980.0
653283,46.0,-30.0,73.0,20.0,101.0,South Dakota,Sioux Falls,4659020.0
654428,61.0,5.0,83.0,41.0,107.0,Tennessee,Chattanooga,4714000.0
656063,58.0,-9.0,81.0,36.0,105.0,Tennessee,Clarksville,4715160.0
657096,59.0,2.0,81.0,38.0,105.0,Tennessee,Knoxville,4740000.0
659414,63.0,9.0,84.0,42.0,104.0,Tennessee,Memphis,4748000.0
664528,58.0,3.0,83.0,35.0,112.0,Tennessee,Murfreesboro,4751560.0
665307,60.0,4.0,83.0,37.0,107.0,Tennessee,Nashville,4752006.0
669731,65.0,,,,,,,
670842,64.0,8.0,86.0,42.0,106.0,Texas,Allen,4801924.0
671206,57.0,-6.0,87.0,33.0,107.0,Texas,Amarillo,4803000.0
672802,66.0,12.0,88.0,44.0,108.0,Texas,Arlington,4804000.0
674902,67.0,10.0,90.0,44.0,110.0,Texas,Austin,4805000.0
680672,70.0,21.0,88.0,53.0,104.0,Texas,Baytown,4806128.0
681279,68.0,18.0,87.0,49.0,103.0,Texas,Beaumont,4807000.0
682284,73.0,28.0,91.0,55.0,105.0,Texas,Brownsville,4810768.0
683759,67.0,16.0,88.0,45.0,112.0,Texas,Bryan,4810912.0
684263,67.0,12.0,87.0,47.0,106.0,Texas,Carrollton,4813024.0
685292,68.0,18.0,87.0,47.0,105.0,Texas,College Station,4815976.0
686072,71.0,24.0,91.0,52.0,107.0,Texas,Corpus Christi,4817000.0
688226,67.0,12.0,88.0,45.0,108.0,Texas,Dallas,4819000.0
697183,64.0,7.0,87.0,41.0,108.0,Texas,Denton,4819972.0
698094,75.0,25.0,95.0,54.0,108.0,Texas,Edinburg,4822660.0
698514,68.0,1.0,89.0,45.0,109.0,Texas,El Paso,4824000.0
702361,68.0,12.0,89.0,46.0,111.0,Texas,Fort Worth,4827000.0
707107,67.0,12.0,87.0,47.0,106.0,Texas,Frisco,4827684.0
708110,67.0,12.0,87.0,47.0,106.0,Texas,Garland,4829000.0
709629,67.0,16.0,88.0,47.0,109.0,Texas,Grand Prairie,4830464.0
710825,69.0,21.0,89.0,50.0,105.0,Texas,Houston,4835000.0
727613,67.0,12.0,89.0,45.0,109.0,Texas,Irving,4837000.0
729146,67.0,12.0,89.0,45.0,110.0,Texas,Killeen,4839148.0
730007,77.0,23.0,99.0,52.0,111.0,Texas,Laredo,4841464.0
731710,70.0,21.0,87.0,51.0,103.0,Texas,League City,4841980.0
732156,67.0,12.0,87.0,47.0,106.0,Texas,Lewisville,4842508.0
733108,65.0,0.0,87.0,44.0,108.0,Texas,Longview,4843888.0
733775,61.0,1.0,89.0,36.0,112.0,Texas,Lubbock,4845000.0
735511,75.0,27.0,95.0,56.0,109.0,Texas,McAllen,4845384.0
736319,64.0,8.0,86.0,42.0,106.0,Texas,McKinney,4845744.0
737202,65.0,9.0,86.0,44.0,106.0,Texas,Mesquite,4847892.0
738208,68.0,9.0,91.0,44.0,111.0,Texas,Midland,4848072.0
738987,75.0,27.0,95.0,56.0,109.0,Texas,Mission,4848768.0
739469,69.0,1.0,88.0,49.0,104.0,Texas,Missouri City,4848804.0
740043,65.0,6.0,89.0,42.0,110.0,Texas,Odessa,4853388.0
740771,70.0,21.0,88.0,53.0,104.0,Texas,Pasadena,4856000.0
741829,70.0,21.0,87.0,51.0,103.0,Texas,Pearland,4856348.0
742305,75.0,27.0,95.0,56.0,109.0,Texas,Pharr,4857200.0
742613,67.0,12.0,87.0,47.0,106.0,Texas,Plano,4858016.0
744292,67.0,12.0,87.0,47.0,106.0,Texas,Richardson,4861796.0
745048,67.0,10.0,88.0,44.0,109.0,Texas,Round Rock,4863500.0
745801,66.0,10.0,92.0,41.0,110.0,Texas,San Angelo,4864472.0
746497,69.0,16.0,90.0,48.0,106.0,Texas,San Antonio,4865000.0
755642,69.0,1.0,88.0,49.0,104.0,Texas,Sugar Land,4870808.0
756255,66.0,13.0,87.0,45.0,109.0,Texas,Tyler,4874144.0
757089,67.0,1.0,89.0,43.0,114.0,Texas,Waco,4876000.0
758226,63.0,3.0,90.0,40.0,112.0,Texas,Wichita Falls,4879000.0
759149,52.0,-7.0,74.0,31.0,99.0,Utah,Layton,4943660.0
759736,52.0,-7.0,75.0,31.0,101.0,Utah,Ogden,4955980.0
760543,52.0,-8.0,75.0,29.0,100.0,Utah,Orem,4957300.0
761266,52.0,-8.0,75.0,29.0,100.0,Utah,Provo,4962470.0
762149,65.0,-3.0,86.0,41.0,113.0,Utah,St. George,4965330.0
762597,55.0,-5.0,79.0,33.0,104.0,Utah,Salt Lake City,4967000.0
764239,55.0,-5.0,79.0,33.0,104.0,Utah,Sandy,4967440.0
765103,55.0,-5.0,79.0,33.0,104.0,Utah,West Jordan,4982950.0
765775,55.0,-5.0,79.0,33.0,104.0,Utah,West Valley City,4983470.0
766580,47.0,-19.0,73.0,24.0,97.0,Vermont,Burlington,5010675.0
766944,58.0,5.0,81.0,41.0,105.0,Virginia,Alexandria,5101000.0
768064,58.0,-6.0,82.0,37.0,100.0,Virginia,Chesapeake,5116000.0
769268,59.0,5.0,81.0,40.0,99.0,Virginia,Hampton,5135000.0
770248,55.0,-11.0,79.0,34.0,101.0,Virginia,Lynchburg,5147672.0
770836,59.0,5.0,82.0,39.0,101.0,Virginia,Newport News,5156000.0
772125,61.0,11.0,83.0,44.0,104.0,Virginia,Norfolk,5157000.0
774387,61.0,11.0,83.0,44.0,104.0,Virginia,Portsmouth,5164000.0
775306,58.0,-2.0,83.0,38.0,104.0,Virginia,Richmond,5167000.0
777210,57.0,0.0,80.0,36.0,102.0,Virginia,Roanoke,5168000.0
777910,58.0,-5.0,82.0,38.0,102.0,Virginia,Suffolk,5176432.0
778750,60.0,5.0,82.0,40.0,101.0,Virginia,Virginia Beach,5182000.0
781577,55.0,14.0,73.0,38.0,106.0,Washington,Auburn,5303180.0
782189,55.0,14.0,73.0,39.0,105.0,Washington,Bellevue,5305210.0
783075,52.0,10.0,69.0,34.0,97.0,Washington,Bellingham,5305280.0
783607,52.0,13.0,69.0,39.0,100.0,Washington,Everett,5322640.0
784444,54.0,14.0,73.0,39.0,103.0,Washington,Federal Way,5323515.0
785055,55.0,-8.0,80.0,30.0,109.0,Washington,Kennewick,5335275.0
785503,55.0,14.0,73.0,38.0,106.0,Washington,Kent,5335415.0
786203,55.0,14.0,73.0,38.0,106.0,Washington,Renton,5357745.0
786986,55.0,14.0,73.0,39.0,105.0,Washington,Seattle,5363000.0
790794,51.0,-2.0,74.0,30.0,107.0,Washington,Spokane,5367000.0
792528,51.0,-2.0,74.0,30.0,107.0,Washington,Spokane Valley,5367167.0
796353,54.0,-10.0,78.0,28.0,108.0,Washington,Yakima,5380010.0
797022,55.0,-4.0,81.0,32.0,101.0,West Virginia,Charleston,5414600.0
797750,45.0,-24.0,68.0,24.0,97.0,Wisconsin,Appleton,5502375.0
798505,45.0,-21.0,69.0,23.0,99.0,Wisconsin,Green Bay,5531000.0
799401,47.0,-21.0,73.0,25.0,106.0,Wisconsin,Kenosha,5539225.0
800239,47.0,-26.0,72.0,24.0,104.0,Wisconsin,Madison,5548000.0
802188,47.0,-24.0,71.0,26.0,102.0,Wisconsin,Milwaukee,5553000.0
808235,48.0,-18.0,71.0,27.0,102.0,Wisconsin,Racine,5566000.0
808959,45.0,-26.0,69.0,24.0,100.0,Wisconsin,Waukesha,5584250.0
809599,46.0,-24.0,74.0,20.0,97.0,Wyoming,Cheyenne,5613900.0
